movie_title,trailer_title,channel_name,video_id,published_at,viewCount,likeCount,commentCount,comments_collected,avg_sentiment,median_sentiment
Antim:The Final Truth,TxPRydAcsEs,"Hone Laga - ANTIM: The Final Truth | Aayush Sharma, Mahima Makwana | Jubin Nautiyal, Ravi B, Shabbir",Zee Music Company,2021-11-09T06:30:04Z,53245648,578611,8961,50,0.5578,0.736
Mission Majnu,Gw77Nx4eBMc,"Mission Majnu | Sidharth Malhotra, Rashmika Mandanna | Official Trailer | Netflix India",Netflix India,2023-01-09T11:06:53Z,40073917,237471,13839,50,0.4352,0.5789
OMG 2,Y6ZKXqM7HNQ,"OMG2 - Official Trailer | Akshay Kumar, Pankaj Tripathi, Yami Gautam | Amit Rai | In Theatres Aug 11",Viacom18 Studios,2023-08-03T05:31:25Z,51588258,689532,36965,50,0.436,0.6309
Lipstick Under My Burkha,EpHqeHF8NM0,"LIPSTICK UNDER MY BURKHA | Official Trailer | Releasing 21 July | Konkona Sensharma, Ratna Pathak",Prakash Jha Productions,2016-10-14T08:01:07Z,11617106,42483,2606,50,0.4617,0.69195
Manikarnika:The Queen of Jhansi,tKmkMVaNu9g,Manikarnika - The Queen Of Jhansi - Official Trailer - Kangana Ranaut - Zee Studio,Zee Studios,2018-12-18T08:19:01Z,34539546,917320,57075,50,0.5617,0.74565
Shamshera,UHYUeZ8JszQ,Shamshera Official Trailer | Ranbir Kapoor | Sanjay Dutt | Vaani Kapoor | Karan Malhotra,YRF,2022-06-24T06:50:32Z,108941735,1178795,49240,50,0.2448,0.39135
Anaarkali of Aarah,jHFT_PdLh20,"Anaarkali of Aarah - Official Trailer | Swara Bhaskar, Sanjay Mishra, Pankaj Tripathi, Sandiip Kapur",Promodome Motion Pictures,2017-02-23T12:27:31Z,2387367,4399,173,50,0.5511,0.6249
The Sabarmati Report,Mjtv0KkgCqM,"The Sabarmati Report | Official Trailer | Vikrant M, Raashii K, Ridhi D | Ektaa K | InCinemas Nov 15",balajimotionpictures,2024-11-06T15:57:02Z,23374108,236325,6267,50,0.503,0.74905
Barot House,Bz7XlZ23zcE,Barot House | Official Trailer | A ZEE5 Original | Streaming Now On ZEE5,ZEE5,2019-07-23T07:36:49Z,2941533,13587,422,0,,
Oye Bhootni Ke,L8Wfzxch7Xo,"The Bhootnii (Official Trailer) | Sanjay D, Mouni R, Sunny S, Palak | Sidhaant S | Deepak M |1st May",Soham Rockstar Entertainment,2025-03-29T08:09:30Z,15056580,292603,57580,50,0.5313,0.7213
Babumoshai Bandookbaaz,8Bakp3UKa3c,Babumoshai Bandookbaaz | Official Trailer | Nawazuddin Siddiqui | Bidita Bag,Saregama Music,2017-07-11T08:48:45Z,15607443,107952,2375,50,0.4433,0.56465
Dybbuk,nD82ZhhZF_8,"Dybbuk - Official Trailer | Emraan Hashmi, Nikita Dutta, Manav Kaul | New Horror Movie 2021 | Oct 29",Prime Video India,2021-10-20T14:00:42Z,9611535,233400,9356,50,0.4684,0.64195
Sirf Ek Bandaa Kaafi Hai,MWH7lfZdP-8,Sirf Ek Bandaa Kaafi Hai | Official Trailer | Manoj B | A ZEE5 Original Film | Watch Now on ZEE5,ZEE5,2023-05-08T07:31:21Z,28736934,71117,4386,0,,
Azaad,WvUijIdiq5U,"Azaad Official Trailer | Ajay D, Abhishek K, Ronnie S, Pragya K, Diana P, Aaman D, Rasha T | 17 Jan",RSVP Movies,2025-01-06T07:30:40Z,20309013,148874,3389,50,0.5524,0.69665
Ram Ki Janmabhoomi,iCzhNJZDv6k,"Official Trailer: Ram Ki Janmabhoomi Latest Hindi Film | Rajveer Singh, Najneen Patni, Govind Namdeo",Pop Chartbusters,2019-03-15T10:30:04Z,1264308,11450,1749,43,0.091,0
Main Ladega,1FmLRrApI7Y,MAIN LADEGA - Official Trailer | Akash Pratap Singh | Kathakaar Films | IN CINEMAS 26TH APRIL,Saregama Music,2024-04-15T09:00:03Z,8922992,72396,17462,50,0.2578,0.3435
72 Hoorain,5gH3NG2VIug,72 HOORAIN Official Trailer,Bollywood Hungama,2023-06-28T05:41:19Z,10156409,130540,15519,50,0.4378,0.5352
Pagalpanti,3-7jehmURuM,"Pagalpanti Trailer - Anil, John, Ileana, Arshad, Urvashi, Pulkit, Kriti | Anees | Releasing 22 Nov",T-Series,2019-10-22T08:23:52Z,39218135,573549,17416,50,0.6456,0.73495
Marjaavaan,RemShT6JAHw,"Tum Hi Aana Full Video | Marjaavaan | Riteish D, Sidharth M, Tara S | Jubin N | Payal Dev Kunaal V",T-Series,2019-11-24T07:36:05Z,488863076,3564463,87965,0,,
Union Leader,vea9SdnRMyg,The Union | Mark Wahlberg + Halle Berry | Official Trailer | Netflix,Netflix,2024-06-26T15:30:01Z,7650297,79123,4046,0,,
Gadar 2,mljj92tRwlk,#Gadar2 Official Trailer | 11th August | Sunny Deol | Ameesha Patel | Anil Sharma,Zee Studios,2023-07-26T14:00:13Z,67903840,1136355,80979,50,0.3882,0.6697
Teraa Surroor,E1a981dTcRc,"TERAA SURROOR OFFICIAL TRAILER | Himesh Reshammiya, Farah Karimaee, Naseeruddin Shah | T-Series",T-Series,2016-01-28T07:12:06Z,9008457,30088,3464,50,0.5457,0.67005
Chhorii 2,d4VVkwTw3x4,Chhorii 2 - Official Trailer | Prime Video India,Prime Video India,2025-04-03T04:30:30Z,22338675,38899,1126,50,0.5291,0.6369
Jatadhara,PX-Sir6GiFc,JATADHARA Official Hindi Trailer | Sudheer Babu | Sonakshi Sinha | Prerna Arora | In Cinemas 7 Nov,Zee Studios,2025-10-17T10:40:04Z,20144091,40473,2164,0,,
Jhund,iqydRuNr2yY,"Jhund (Trailer) Amitabh Bachchan | Nagraj Popatrao Manjule | Ajay-Atul | Sandeep S, Bhushan Kumar",T-Series,2022-02-23T09:45:20Z,18986347,326790,7903,50,0.5941,0.7947
Meri Nimmo,cZVjD9UJOSE,Meri Nimmo Hindi Full Movie - Anjali Patil - Karan Dave - Aryan Mishra - Popular Hindi Movie,Shemaroo Movies,2022-10-29T08:30:07Z,2907920,30474,1664,0,,
The Storyteller,BUP-qJshJ78,WATCH: The Storyteller Trailer - Busan Film Festival 2022 | Jio Studios,JioStudios,2022-10-03T06:55:59Z,196475,1633,102,50,0.4326,0.50225
Sonchiriya,aejAkKGiimk,"Sonchiriya | Official Trailer | Sushant, Bhumi P,  Manoj B, Ranvir S | Abhishek C | 1st March 2019",RSVP Movies,2019-01-07T04:30:13Z,21773768,242379,7671,0,,
Half Girlfriend,KmlBnmyelHI,Half Girlfriend Official Trailer | Arjun Kapoor | Shraddha Kapoor | 19th May 2017,balajimotionpictures,2017-04-10T06:25:29Z,41679702,304256,16025,50,0.5336,0.6647
Looop Lapeta,bRN5m0sBJy8,"Looop Lapeta | Official Trailer | Taapsee Pannu, Tahir Raj Bhasin | Netflix India",Netflix India,2022-01-13T06:00:00Z,12896657,108551,3865,50,0.4537,0.5789
Thar,8SdUGQkJYEs,"Thar | Official Trailer | Anil Kapoor, Harshvarrdhan Kapoor, Fatima Sana Shaikh | Netflix India",Netflix India,2022-04-18T07:25:31Z,21674920,123333,2252,50,0.3256,0.42015
Mantra,mj0m6h-C2ZE,MANTRA - 2 Movie : Theatrical Trailer : Charmy Kaur,Tollywood,2015-05-13T10:07:58Z,121569,391,4,1,0.5994,0.5994
The Legend of Michael Mishra,QLNtI8xZB_Y,द लेजेंड ऑफ़ माइकल मिश्रा Iफुल मूवी [एचडी] अरशद वारसीIअदिति राव हैदरी | The Legend Of Michael Mishra,CineBox Pictures,2018-12-20T06:27:47Z,9370748,81473,2242,0,,
Behen Hogi Teri,7MLW3UvYAJs,Behen Hogi Teri - Official Trailer | Rajkummar Rao | Shruti Haasan | Gautam Gulati,ODDBALL Motion Pictures,2017-05-01T12:11:55Z,20570249,167169,3118,50,0.5984,0.77145
Wajah Tum Ho,__ZvXBf1rmw,"WAJAH TUM HO Full Video Song | HATE STORY 3 Songs | Zareen Khan, Karan Singh Grover | T-Series",T-Series,2015-12-15T12:00:02Z,569007444,2403382,44067,9,0.4594,0.6249
Bawaal,NyeG2mLVCS4,"Bawaal - Official Trailer | Varun Dhawan, Janhvi Kapoor | Prime Video India",Prime Video India,2023-07-09T10:49:52Z,44196467,166150,5719,50,0.5385,0.7807
Irada,5QPQE_gIW24,Irada  Official Trailer 2017 Naseeruddin Shah &  Arshad Warsi  Movie,Red Eye Entertainment,2017-01-24T20:35:15Z,830,12,0,0,,
Mirza Juuliet,uuo-QB3C_3Q,Mirza Juliet | Full Hindi Movie | Pia Bajpai | Priyanshu Chatterjee,Shemaroo,2022-03-31T10:30:10Z,1040898,7360,398,0,,
Darran Chhoo,9E_6dLoXpm8,DarranChhoo - Title Track | Karan Patel | Nakash Aziz | Amjad Nadeem Aamir,Zee Music Company,2023-09-26T10:00:16Z,2546783,1487,138,50,0.7134,0.8402
Hum Bhi Akele Tum Bhi Akele,plgJ4JOj0-0,"Hum Bhi Akele, Tum Bhi Akele: Official Trailer I Anshuman Jha, Zareen Khan I Harish Vyas I May 9th",DisneyPlus Hotstar_IN,2021-05-03T10:30:06Z,1488344,20305,712,50,0.6886,0.8289
Binny And Family,IchtdYQk2ps,"Binny And Family | Official Trailer | Pankaj Kapur, Anjini Dhawan, Rajesh K | 27th September",T-Series,2024-09-19T07:32:49Z,1253274,7312,739,27,0.3533,0.4019
Veere Di Wedding,IZODr96ZRCc,"Veere Di Wedding Trailer | Kareena Kapoor Khan, Sonam Kapoor, Swara Bhasker, Shikha Talsania| June 1",balajimotionpictures,2018-04-25T09:30:06Z,43514762,338572,19775,0,,
Satyameva Jayate,odXKXLG43co,Official Trailer: Satyameva Jayate | John Abraham | Manoj Bajpayee | Aisha S | Milap Milan Zaveri,T-Series,2018-06-28T07:32:06Z,56213044,585693,34608,50,0.5024,0.61215
Sangee,_HFbuL2-Lew,Sangee | Official Trailer | Sharib Hashmi | Vidya M | Sanjay B | Gaurav M | In Cinemas 17th January,Armoks Films,2025-01-10T15:38:06Z,447355,5516,147,50,0.5581,0.70495
Kaabil,D_AOBicQWjg,Kaabil Official Telugu Trailer | Hrithik Roshan Balam Movie Trailer | Yami Gautam | Telugu Filmnagar,Telugu Filmnagar,2016-10-28T10:20:23Z,277180,1757,63,35,0.2945,0.3818
Romeo-N-Bullet,Bbo7mKpuiaQ,Romeo N Bullet | 2017 रोमियो एंड बुलेट Full Movie | Vije Bhatia | Rishi Verma | Aditya Kumar,Reliance Entertainment Regional,2022-08-04T12:30:03Z,13449,74,8,0,,
Arjun Patiala,nR7ETMS7Eo0,"Official Trailer: Arjun Patiala | Diljit, Kriti, Varun | Dinesh V | Rohit J | Bhushan K | 26 July",T-Series,2019-06-20T05:31:08Z,27985291,256006,9482,50,0.7447,0.90485
Mannu Kya Karegga,yps_QcDqyxE,Mannu Kya Karegga Trailer | Vyom I Saachi B | Lalit Pandit | Sharad Mehra | In Cinemas 12 Sept 2025,CURIOUS EYES CINEMA,2025-08-25T15:27:59Z,10457719,122124,9119,44,0.3676,0.3612
Traffic,G7fBlPMLR3A,Traffik (2018 Movie) - Official Trailer,Codeblack Movies,2018-01-12T20:55:25Z,3747263,5146,199,0,,
Tara Vs Bilal,W9PYDBH9EhI,"Tara Vs Bilal (Trailer) Harshvardhan Rane, Sonia Rathee | Samar Iqbal | John Abraham, Bhushan Kumar",T-Series,2022-10-08T09:08:43Z,9316878,67211,2196,50,0.5207,0.76835
Aa Bhi Ja O Piya,c1IHbA62uuE,Aa Bhi Ja O Piya - Official Trailer | Dev Sharma & Smriti Kashya,Angry Birds Entertainment,2022-09-08T11:14:50Z,16,1,0,0,,
Baby John,qyRn3rPRw8w,"Baby John - Trailer | Atlee | Varun Dhawan, Keerthy Suresh, Wamiqa G, Jackie Shroff | 25th Dec",JioStudios,2024-12-09T12:00:04Z,72896688,502021,52858,50,-0.041,-0.34
Fredrick,Bum0t2CbAak,"Flashback (2021 Movie) Official Trailer – Dylan O'Brien, Maika Monroe, Hannah Gross",Lionsgate Movies,2021-04-14T16:59:49Z,1184321,8058,412,0,,
Aankhon Ki Gustaakhiyan,JbCwz-1OHWE,Aankhon Ki Gustaakhiyan Official Trailer | Vikrant M | Shanaya K | Vishal M | In Cinemas 11th July,Zee Studios,2025-07-01T13:57:27Z,11185057,44805,1876,50,0.5701,0.7265
Happy Bhag Jayegi,hCsR3Y4wsDU,"Happy Bhag Jayegi Official Trailer Diana Penty, Abhay Deol, Jimmy Sheirgill",jagtagra films .com,2016-08-08T06:49:08Z,145,1,0,0,,
Madam Chief Minister,mE_S5tUtb-s,Trailer: Madam Chief Minister | Richa Chadha | Subhash Kapoor | Bhushan Kumar | Releasing 22 January,T-Series,2021-01-06T05:30:52Z,10086412,95096,5434,50,0.338,0.43475
Bioscopewala,iNQq32twAH0,Bioscopewala Trailer | Danny Denzongpa | Geetanjali Thapa | Tisca | Adil | Deb Medhekar |Sunil Doshi,Star Studios,2018-05-09T05:30:53Z,5320896,46943,2364,50,0.4933,0.59265
Judwaa 2,DDwbjWCgxVM,Judwaa 2 Official Trailer | Varun Dhawan | Jacqueline | Taapsee | David Dhawan | Sajid Nadiadwala,Star Studios,2017-08-21T08:26:16Z,46670814,283843,18398,50,0.6433,0.8241
Kesari Veer,nDAZqAuk5eM,"Kesari Veer (Trailer) Suniel Shetty, Vivek Oberoi, Akanksha Sharma, Sooraj Pancholi | Kanu Chauhan",Panorama Studios,2025-04-29T06:50:36Z,12525037,68902,4170,50,0.3295,0.5164
Laal Singh Chaddha,1vkTTesCudE,Aamir Khan And Naga Chaitanya Become Chaddi Buddies | Laal Singh Chaddha | Netflix India,Netflix India,2022-10-16T12:30:02Z,2784094,32093,1209,50,0.472,0.59265
A Death in the Gunj,XliKkuxa_nA,A DEATH IN THE GUNJ Trailer | Festival 2016,TIFF Trailers,2016-07-26T14:38:00Z,1172591,11592,424,50,0.5896,0.7711
Flat 211,Et37NAjAG7s,Cell 211 | Official Trailer,StudiocanalUK,2011-07-08T09:57:00Z,381524,412,31,9,0.2962,0.25
Panipat,zpXnmy-6w1g,"Panipat | Official Trailer |Sanjay Dutt, Arjun Kapoor, Kriti Sanon|Ashutosh Gowariker|In Cinema Now",RelianceEntertainment,2019-11-05T06:29:17Z,53035325,869067,104804,0,,
Tere Bin Laden: Dead or Alive,bbexxeiNNEI,Tere Bin Laden - Official Theatrical Trailer - HQ,Ad-Labs Films Ltd,2010-06-08T06:19:01Z,561726,732,166,50,0.5232,0.6249
Motichoor Chaknachoor,U6J_Pkqk5Fs,"Motichoor Chaknachoor | Official Trailer | Nawazuddin Siddiqui, Athiya Shetty | 15th November",Viacom18 Studios,2019-10-11T09:07:45Z,26436202,360872,7447,50,0.61,0.631
Section 375,WoaEYD5G_no,Section 375 official trailer |Akshay Khanna | Richa Chadha | Ajay Bahl | Releasing 13 sep. 2019,Official Trailers Media,2019-09-11T18:09:47Z,319852,1073,84,0,,
Mona Darling,v6EoprrZrj8,Official Movie Trailer I mona darling I Feb 24th 2017,First Ray Films,2017-01-25T07:04:01Z,22144,4,2,1,0,0
Sallu Ki Shaadi,m4jtofvxgZs,Sallu Ki Shaadi Official Trailer 2 | Kashyap | Arshin | Zeenat Aman | Kiran Kumar | Asrani,Aman Films Production,2018-05-10T15:04:56Z,20206,81,6,0,,
Major,PAv1Ke07QAM,MAJOR Trailer - Hindi | Adivi Sesh | Saiee M | Sobhita D | Mahesh Babu - In Cinemas June 3rd,Sony Pictures Films India,2022-05-09T11:29:05Z,31391051,775329,23840,0,,
Phillauri,uCTr7MGFK0U,Phillauri | Official Trailer | Anushka Sharma | Diljit Dosanjh | Suraj Sharma | Anshai Lal,Star Studios,2017-02-06T05:46:40Z,21570635,143476,5928,50,0.608,0.7332
Chehre,W4WTPps4zM8,"Chehre: Official Trailer | Amitabh Bachchan, Emraan Hashmi | Rumy J | Anand Pandit | 27th August 21",Anand Pandit Motion Pictures,2021-03-18T07:00:15Z,13220008,244007,15905,50,0.2997,0.4588
Simran,_LUe4r6eeQA,Simran Official Trailer | Kangana Ranaut |  Hansal Mehta | T-Series,T-Series,2017-08-08T12:45:29Z,13544977,118089,5186,50,0.492,0.65795
Animal,_YhSSfXmr9c,"SPIRIT - #OneBadHabit (Hindi) | PRABHAS | Triptii D, Vivek Oberoi | Sandeep R Vanga | Bhushan Kumar",T-Series,2025-10-23T17:14:08Z,2000272,135606,4815,0,,
Wedding Anniversary,Uk6LhwvTYrE,"Anniversary (2025) Official Trailer - Diane Lane, Kyle Chandler, Phoebe Dynevor, Dylan O'Brien",Lionsgate Movies,2025-08-19T16:01:28Z,3111482,21563,695,0,,
Panchlait,BewtxZ3KPqo,"Panchlait | Official Teaser | Amitosh Nagpal, Anuradha Mukherjee, Rajesh Sharma & Brijendra Kala",Funtime Entertainment,2017-10-26T09:30:05Z,907056,5707,90,50,0.5379,0.7357
Sitaare Zameen Par,rD3w1cZMVhk,What I disliked about Sitaare Zameen Par Film!,Dhruv Rathee Shorts,2025-06-22T15:41:09Z,6776780,485891,10498,0,,
Inn Galiyon Mein,1H2oOsFitPQ,"Inn Galiyon Mein - Movie Trailer| Javed Jaffrey, Vivaan Shah, Avantika, Sushant Singh, Ishtiyak Khan",Zee Studios,2025-03-07T14:07:17Z,17004,363,19,8,0.4309,0.53265
Laal Rang,Et46hHWedp8,KHARCH KAROD (SLOW) Video Song | LAAL RANG | Randeep Hooda | T-Series,T-Series,2016-04-07T11:58:09Z,16557822,137391,2050,11,0.2406,0
Tejas,F1gcrfMDtO8,Kangana Ranaut//Tejas Official Trailer |Tejas movie/trailer official,New films jankaree ,2023-11-02T12:58:00Z,715,3,1,0,,
Murari the Mad Gentleman,7_3cQoVSL7g,"Tera Deewana - Murari | Tanishk Bagchi | Bollywood Romantic Song | Shilpa Surroch, Biswajit",Red Ribbon Musik,2016-02-08T12:45:26Z,70796,188,23,11,0.645,0.765
Raabta,iANrABfxJaM,Raabta Official Trailer | Sushant Singh Rajput & Kriti Sanon,Global Entertainment,2017-05-07T08:15:12Z,129,1,0,0,,
Dobaara: See Your Evil,eFBmE0RTmr0,"Dobaara - See Your Evil | Official Trailer | Huma Qureshi, Saqib Saleem",B4U Motion Pictures,2017-05-09T06:30:28Z,10791712,58324,4027,0,,
Hate Story 4,g51mrP8XmAQ,"HATE STORY 4 (Full Movie): Urvashi Rautela, Vivan, Karan Wahi, Ihana Dhillon, Gulshan Grover",T-Series,2024-11-14T06:37:27Z,8495985,100074,3095,0,,
Falooda,7aXuoVfgqgs,Falooda - Refreshing Cold Beverage - Restaurant Style Falooda - Summer Special By Ruchi Bharani,Rajshri Food,2014-11-28T13:14:41Z,2508210,16663,493,50,0.5899,0.61215
The Legacy of Jineshwar,C7V1qgEHi3c,દારસ | Daras | Javed Ali |The Legacy Of Jineshwar | New Jain Song,Saregama Jain Stavans,2023-10-17T12:00:07Z,229941,1020,69,28,-0.1143,-0.296
Thackeray,Qqpl_sAcQF8,"Thackeray | Official Trailer | Nawazuddin Siddiqui, Amrita Rao | Releasing 25th January",Viacom18 Studios,2018-12-26T09:43:07Z,35609845,672673,32397,50,0.4831,0.59715
Hanuman vs Mahiravana,llXo_d0UKZw,Hanuman Vs Mahiravana 3D Movie - Theatrical Trailer | In Cinemas 6th July,Green Gold TV - Official Channel,2018-06-08T11:17:40Z,5723918,6599,0,0,,
Kuch Khattaa Ho Jaay,cFPB7FsdplI,"Kuch Khattaa Ho Jaay (Trailer): Guru Randhawa, Saiee M Manjrekar | Anupam Kher | G Ashok |Mach Films",T-Series,2024-02-07T08:39:44Z,6909974,146751,7495,50,0.4799,0.771
Tera Kya Hoga Lovely,AiuSGXFURH4,"Tera Kya Hoga Lovely | Official Trailer | Randeep Hooda, Ileana D’cruz | Releasing on 8th March 2024",Sony Pictures Films India,2024-03-10T05:48:39Z,3585322,27629,512,50,0.6698,0.8056
Dangal,x_7YlGv9u1g,"Dangal | Official Trailer | Aamir Khan | In Cinemas Dec 23, 2016",UTV Motion Pictures,2016-10-20T05:29:24Z,74045917,431305,30623,50,0.3813,0.44105
Saiyaara,BSJa1UytM8w,"Saiyaara Title Song | Ahaan Panday, Aneet Padda | Tanishk Bagchi, Faheem A, Arslan N | Irshad Kamil",YRF,2025-06-03T05:30:10Z,507377132,3935476,148321,50,0.5909,0.7611
Dil Jo Na Keh Saka,e19JCfGEbRk,Dil Jo Na Keh Saka | Himansh Kohli | Priya Banerjee | Naresh Lalwani | Full Movie,Shemaroo,2022-05-23T06:10:40Z,7798405,57128,557,0,,
Bengal 1947,3MfsZFAeNO8,THE BENGAL FILES Official Trailer | Vivek Agnihotri | Abhishek A | Pallavi J | Zee Studios | 5 Sept,Zee Studios,2025-08-16T07:30:15Z,21883747,408142,39756,0,,
Three of Us,i36Zw32GfRQ,Reminders of Him | Official Trailer,Universal Pictures,2025-10-21T15:00:23Z,21845017,21417,904,0,,
Raid 2,PQ6yUHHfZ04,The Raid 2 | Official Trailer HD (2014),Sony Pictures Classics,2014-01-23T17:24:51Z,1085683,5564,182,50,0.3607,0.42115
The Diplomat,lV6sJlBbhPs,The Diplomat | Official Trailer | Netflix,Netflix,2023-04-05T14:00:02Z,3122966,21240,1120,50,0.703,0.77425
Shaadi Mein Zaroor Aana,pK0dr5wZ0bk,"Shaadi Mein Zaroor Aana (2017) Full Hindi Movie (4K) Rajkumar Rao, Kriti Kharbanda | Bollywood Movie",Ultra Movie Parlour,2024-04-16T11:34:42Z,76580584,887585,33563,0,,
12th Fail,KjbtuqENvVE,"12th Fail - Official Trailer | Vidhu Vinod Chopra | In Cinemas Worldwide 27th October, 2023",Zee Studios,2023-10-03T05:30:45Z,25437577,204002,6919,50,0.4413,0.6369
Selfiee,Ec2yJUY5KtQ,"SELFIEE Official Trailer | Akshay Kumar, Emraan, Nushrratt, Diana | Raj Mehta | In Cinemas Feb 24",Star Studios,2023-01-22T09:20:09Z,37599401,580803,38446,50,0.2041,0.1351
Great Grand Masti,ZojV0FC-KdI,"Great Grand Masti Official Trailer | Riteish, Vivek, Aftab, Urvashi",balajimotionpictures,2016-06-16T15:21:37Z,23229664,57111,0,0,,
Mere Desh Ki Dharti,vC73sFPIFzU,Mere Desh Ki Dharti Full Movie HD - CARNIVAL MOTION PICTURES,Carnival Motion Pictures,2023-06-29T09:07:03Z,12932508,207152,7260,0,,
Rashtra Kavach Om,coJrnPbbmwg,Rashtra Kavach Om | Official Trailer | Watch Now on ZEE5,ZEE5,2022-08-01T11:06:33Z,23911008,10217,269,0,,
Andhadhun,2iVYI99VGaw,AndhaDhun | Official Trailer | Tabu | Ayushmann Khurrana | Radhika Apte | 5th October,Viacom18 Studios,2018-09-01T21:12:32Z,28515281,243765,9016,0,,
Mr. & Mrs. Mahi,TVbI55pDdaI,"Tu Hain Toh | Mr. & Mrs. Mahi | Rajkummar Rao, Janhvi Kapoor | Hunny, Bunny, Sagar | Team Jaani",Sony Music India,2024-06-03T11:30:12Z,129919985,526761,6782,0,,
Nikamma,LCEMoVCaUOw,"Nikamma - Shilpa Shetty, Abhimanyu, Shirley | Javed Mohsin, Dev, Payal, Danish, Deane",Sony Music India,2022-05-24T05:30:02Z,50847767,440729,20741,50,0.5524,0.75775
Chhaava,nsC5PhXS19Y,Chhaava Teaser | Vicky Kaushal | Rashmika M | Akshaye K | Dinesh V | Laxman U | 14th Feb 2025,Maddock Films,2024-08-19T05:29:33Z,30883926,506567,24108,50,0.3411,0.4496
Jigra,1z64b54DKEI,NEW MOVIE | JIGRA - OFFICIAL THEATRICAL TRAILER | Alia Bhatt | Vedang Raina | Vasan Bala,StyleWave Studios,2024-09-11T01:36:36Z,2643,64,0,0,,
Gali Guleiyan,itPkmai3BY8,Gali Guleiyan - In the Shadows | India Official Trailer | Manoj Bajpayee | Dipesh Jain | 7th Sept,Worldwide Records INDIA,2018-08-24T13:43:28Z,470275,6707,214,0,,
Adipurush,jF5rJAXUY4A,Adipurush (Official Teaser) Hindi | Prabhas | Saif Ali Khan | Kriti Sanon | Om Raut | Bhushan Kumar,T-Series,2022-10-02T13:40:12Z,110377936,1795732,91103,50,0.2517,0.39135
Tu Jhoothi Main Makkaar,2yeRRm9AIxI,"Pyaar Hota Kayi Baar Hai (Full video) Tu Jhoothi Main Makkaar |Ranbir,Shraddha,Pritam,Arijit,Amitabh",T-Series,2023-03-22T13:30:11Z,151659581,628295,9009,50,0.4825,0.65765
Bell Bottom,A6eZ49O67YQ,"BellBottom | Official Trailer | Akshay Kumar | Vaani | Vashu, Jackky Bhagnani | Huma | Aug 19, 2021",Pooja Entertainment,2021-08-03T13:00:09Z,53809097,857219,111266,50,0.4119,0.4019
Sarfira,8Iy2geJD8HY,Sarfira – Official Trailer | Akshay Kumar | Paresh Rawal | Radhikka | Sudha Kongara | 12th July 2024,Abundantia Entertainment,2024-06-18T06:36:01Z,83804275,812431,34804,50,0.2499,0.44015
Operation Valentine,CRazFLVBhw4,"Operation Valentine | Official Hindi Teaser | Varun Tej, Manushi Chhillar| In Cinemas 1st March 2024",Sony Pictures Films India,2023-12-18T10:32:33Z,8875561,35086,2078,50,0.3186,0.48335
Akelli,KJhgqXku6jI,Akelli - Official Trailer | Nushrratt Bharuccha | 25th August,Dashami,2023-08-04T09:15:12Z,10768455,35648,9936,50,0.3832,0.51685
Kesari,JFP24D15_XM,Kesari | Official Trailer | Akshay Kumar | Parineeti Chopra | Anurag Singh,Dharma Productions,2019-02-21T05:28:13Z,62115716,1209451,79769,50,0.4315,0.65885
Yaatris,N2aoN5pZ6lo,Yaatris - Official Trailer | Raghubir Yadav| Seema Pahwa| Jamie Lever |Anuraag Malhan|Chahatt Khanna,Zee Music Company,2023-11-08T07:36:39Z,278462,908,54,41,0.4832,0.5994
Dear Dad,X7Bt9kjCf0E,"Dear Father Gujarati Movie | Official Trailer | Paresh Rawal, Mansi Parekh, Chetan Dhanani",Venus Movies,2022-02-11T05:30:04Z,1693481,31298,967,0,,
October,Mod_oXpftJA,"Thamma Official Trailer | Ayushmann, Rashmika, Paresh, Nawazuddin | In Cinemas This Diwali- 21st Oct",Maddock Films,2025-09-26T12:49:58Z,90154797,670316,43463,0,,
Mahavatar Narsimha,wkOYEhjAXyo,"Mahavatar Narsimha Official Teaser (Hindi) | Hombale Films | Kleem Productions | April 3, 2025",Hombale Films,2025-01-14T07:03:00Z,3167136,133924,4669,50,0.2234,0
Bheed,lGAKZ6L9IVo,"Bheed | Official Trailer | Rajkummar Rao, Bhumi Pednekar, Anubhav Sinha | 24 March 2023",T-Series,2023-03-17T08:49:21Z,3227896,68679,3619,50,0.246,0.25715
Nawabzaade,7G77hHNBO8w,OFFICIAL TRAILER: NAWABZAADE | Raghav | Punit | Dharmesh | Isha |  Movie Releasing ► 27July 2018,T-Series,2018-07-12T07:36:10Z,18285221,286415,8184,50,0.7164,0.84785
Ek Ladki Ko Dekha Toh Aisa Laga,fTauOK8J-U8,Ek Ladki ko dekha - Full Video HD | 1942 A love story | Anil Kapoor | Manisha Koirala,Vidhu Vinod Chopra Films,2016-04-15T13:48:27Z,50219792,333614,8961,47,0.4204,0.4767
Tu Hai Mera Sunday,W3cgHjja-X0,TU HAI MERA SUNDAY (YOU ARE MY SUNDAY) :: IN CINEMAS 6 OCTOBER 2017 (SG),Golden Village Pictures,2017-09-13T06:55:17Z,6063,17,0,0,,
Tumko Meri Kasam,YzUP-V5-lhI,"Tumko Meri Kasam - Official Trailer | Anupam Kher, Adah Sharma, Ishwak Singh, Esha Deol | 21st March",Zee Music Company,2025-03-04T07:00:28Z,10824145,62636,4458,50,0.3223,0.39185
Coffee with D,y_bdytr9fg8,Coffee With D Official Trailer | Sunil Grover | Hindi Trailer 2021 | Zakir Khan | Anjana Sukhani,Bolly Kick,2017-05-12T10:30:01Z,770541,9698,174,0,,
Merry Christmas,xwm2BIS81CU,Merry Christmas - Tamil Trailer | Vijay Sethupathi | Katrina Kaif | Sriram Raghavan | Ramesh Taurani,Tips Tamil,2023-12-20T11:50:13Z,5888702,57420,1132,50,0.5396,0.81175
Ajmer 92,HxJu7cV_VYI,Ajmer 92|Official Teaser|Karan Verma|Pushpendra Singh|Sumit Singh|U&K Films Entertainment|21 July,RelianceEntertainment,2023-07-13T09:00:09Z,495856,9869,897,50,0.3116,0.46715
Mitron,Wm2R3aJPY2M,Metro…In Dino (Official Trailer) | Anurag Basu | Bhushan Kumar | Releasing in Cinemas on 4th July,T-Series,2025-06-04T08:31:18Z,34377610,445612,16754,0,,
Saina,_PGEsEe33GY,"Saina - New Trailer | Parineeti Chopra, Eshan Naqvi, Shubhrajyoti Barat |Amazon Prime Video|April 23",Prime Video India,2021-04-16T08:34:18Z,4257939,2638,159,0,,
Game Over,BY-R6NcnkbE,Game Over| Hindi Official Trailer | Taapsee Pannu| Ashwin Saravanan | Y Not Studios | June 14,RelianceEntertainment,2019-05-30T07:37:34Z,11216332,94755,2789,0,,
Kedarnath,03-KVRmd3xo,Kedarnath | Official Trailer | Sushant Singh Rajput | Sara Ali Khan | Abhishek Kapoor | 7th December,RSVP Movies,2018-11-12T09:29:14Z,38189340,474497,24092,0,,
Emergency,ZWu2jk7IYv0,"Emergency | Official Trailer 2 |  Kangana Ranaut | In Cinemas 17th January, 2025",Zee Studios,2025-01-06T04:00:35Z,12005376,58699,4826,50,0.3344,0.6114
3 Storeys,niGkWc512fw,3 Storeys Official Trailer | Richa | Renuka Shahane | Pulkit | Masumeh | Sharman | Ankit | Aisha,Excel Movies,2018-02-07T11:08:52Z,4828099,14176,448,50,0.4171,0.59265
Metro... In Dino,UEZm0U6KrfY,"Metro…In Dino: Zamaana Lage (Song) | Anurag Basu | Pritam | Arijit Singh, Shashwat S | Bhushan Kumar",T-Series,2025-05-28T13:00:07Z,60671663,605123,29363,0,,
Trahimam,jgOi9JB4-KI,Trahimam (Trailer) Arshi Khan Pankaj Berry Directed By Dushyant Pratap Singh,Dushyant Corporation,2022-11-01T11:30:09Z,34218,279,14,9,0.7014,0.7783
102 Not Out,qrks9Zu0f1w,102 Not Out | Official Trailer | Amitabh Bachchan | Rishi Kapoor | Umesh Shukla | In Cinemas May 4th,Sony Pictures India,2018-03-28T07:10:16Z,17680514,192538,6501,50,0.6237,0.717
Commando 3,rSM-vQbGGJA,"COMMANDO 3 | The Power of Commando 3 | Vidyut, Adah, Angira, Gulshan | Vipul Amrutlal Shah",RelianceEntertainment,2019-11-27T05:28:55Z,62938135,921240,24758,47,0.4518,0.4939
Evening Shadows,iDpqasfWF9k,EVENING SHADOWS | OFFICIAL TRAILER | SRIDHAR RANGAYAN,Solaris Pictures,2017-05-27T22:24:19Z,203938,2141,370,50,0.6495,0.7933
Noor,DHuM6C6EyXE,Noor Official Trailer | Sonakshi Sinha | Sunhil Sippy | Releasing on 21 April 2017 | T-Series,T-Series,2017-03-07T07:55:54Z,14335208,59091,2839,50,0.5605,0.66645
Do Aur Do Pyaar,lZCWcsfc5Ho,"Do Aur Do Pyaar - Official Trailer | Vidya B, Pratik G, Ileana D, Sendhil R | Applause Entertainment",Applause Entertainment,2024-04-06T06:28:06Z,17230817,29048,651,50,0.5737,0.7676
Lakadbaggha,hep-UIKFg_Y,"Lakadbaggha - Official Trailer | Anshuman Jha, Ridhi Dogra, Milind Soman & Paresh Pahuja | 13th Jan",Zee Music Company,2023-01-03T07:45:03Z,3582376,87777,3080,50,0.4133,0.5915
Baar Baar Dekho,3uPtQp8ZT-Q,Baar Baar Dekho Official Trailer with English Subtitles | Katrina Kaif | Sidharth Malhotra,Eros n0w Official,2016-08-03T21:55:02Z,645979,9336,220,0,,
5 Weddings,gN7AeJ-mEIA,"'5 Weddings' | 26 OCT |  Nargis Fakhri, Rajkummar Rao, Bo Derek, Candy Clark",UniGlobe Entertainment,2018-06-05T09:36:40Z,10772443,74672,0,0,,
Mere Husband Ki Biwi,kPDPBU8eVuo,"Mere Husband Ki Biwi | Official Trailer | Arjun, Rakul, Bhumi | Mudassar | 21 Feb",Pooja Entertainment,2025-02-01T09:53:32Z,23827965,236891,6561,50,0.5571,0.6369
I Want to Talk,kZXlMsupVz8,I Want To Talk - Trailer | Shoojit Sircar | Abhishek A Bachchan | Rising Sun Films | Kino Works,Times Music,2024-11-05T07:30:33Z,877384,11056,560,50,0.5705,0.6369
Bharat,Ea_GKoe81GY,BHARAT | Official Trailer | Salman Khan | Katrina Kaif | Movie Releasing On 5 June 2019,T-Series,2019-04-22T08:30:00Z,78821846,1293204,87903,50,0.4278,0.60335
Parched,m69d-KNi2Q0,"Parched | Official Trailer | Ajay Devgn | Leena Yadav | Tannishtha, Radhika, Surveen & Adil Hussain",Devgn Films,2016-09-12T08:59:23Z,10063026,45588,1176,50,0.5211,0.6418
Pal Pal Dil Ke Paas,lgTHGZF3BQw,"Pal Pal Dil Ke Paas - Title | Arijit Singh | Karan Deol, Sahher | Parampara, Sachet, Rishi Rich",Zee Music Company,2019-08-27T03:30:14Z,289116360,3618489,81241,50,0.6125,0.8098
Ram Setu,VgGgYOzNWno,Ram Setu | Official Trailer | Hindi | Akshay Kumar | Only in Theatres 25th Oct 2022,Zee Studios,2022-10-11T06:25:15Z,43035443,783816,47749,50,0.2672,0.5291
Haseena Parkar,RvRn6HFweO0,shraddha kapoor 2017  Haseena Parkar Official Trailer,Universal Cinema,2017-08-04T11:35:36Z,20,0,0,0,,
Chhichhore,tsxemFX0a7k,Chhichhore | Official Trailer | Nitesh Tiwari | Sushant | Shraddha | Sajid Nadiadwala | 6th Sept,Star Studios,2019-08-04T05:28:48Z,51976493,803958,21779,0,,
Ittefaq,mvfvoCdPrII,"Ittefaq | Trailer | Sidharth Malhotra, Sonakshi Sinha, Akshaye Khanna",Red Chillies Entertainment,2017-10-05T05:30:18Z,24081348,206222,11380,0,,
Main Atal Hoon,zasckclx0Gc,Main Atal Hoon | Official Trailer | Pankaj Tripathi | Ravi Jadhav | Watch Now on ZEE5,ZEE5,2024-03-11T05:23:22Z,13825372,5621,192,0,,
Jersey,9hZ2UW6Jv-I,Jersey - New Official Trailer | Shahid Kapoor | Mrunal Thakur | Gowtam Tinnanuri | 22nd April 2022,Zee Music Company,2022-04-04T07:30:19Z,56375543,254687,12171,50,0.3406,0.5106
Mardaani 2,dKeRIOA28Jk,Mardaani 2 | Official Trailer | Rani Mukerji | Vishal Jethwa | Gopi Puthran,YRF,2019-11-14T05:30:11Z,22644360,411521,16813,50,0.4281,0.5783
Mission Raniganj,QFf91hnpClI,Mission Raniganj: The Great Bharat Rescue | Official Trailer | Akshay Kumar | In Cinemas 6th October,Pooja Entertainment,2023-09-25T08:35:42Z,57661357,318145,12315,0,,
Kooki,x7JpCGSgsAI,KOOKI | Official Trailer | Ritisha Khaund | Bodhisattva Sharma | Rajesh Tailang ‪,RelianceEntertainment,2024-06-19T12:37:27Z,209142,1037,32,5,0.6395,0.765
Sky Force,OdrOp7JwZiE,"Rang | Sky Force | Akshay Kumar, Veer P, Sara, Nimrat, Tanishk, Satinder Sartaaj, Zahrah, Shloke",Saregama Music,2025-01-17T12:51:59Z,57670524,305097,6013,50,0.4658,0.6369
Zero Se Restart,qZFbp8ltfOs,Zero Se Restart Movie Review | Yogi Bolta Hai,YOGI BOLTA HAI,2024-12-13T10:42:32Z,653081,19705,390,0,,
Nishaanchi,QKem0b7Q40I,Nishaanchi - Official Trailer | In Cinemas - September 19 | Amazon MGM Studios India,MGM Studios India,2025-09-03T08:15:06Z,25335679,16783,578,50,0.4152,0.50055
Milan Talkies,Efl-kaJjalk,"Milan Talkies - Theatrical Trailer | Tigmanshu D, Ali Fazal, Shraddha Srinath, Ashutosh R, Sanjay M",Zee Music Company,2019-03-04T11:30:13Z,12967871,13352,488,50,0.6009,0.67765
Nazar Andaaz,quS0KgQzCQ0,ANDAAZ 2 | Official Trailer | Aayush Kumar | Aakaisha | Natasha Fernandez | Suneel Darshan #andaaz2,Shree Krishna International,2025-07-28T12:30:03Z,10047267,64537,7090,0,,
Luka Chuppi,#NAME?,"Luka Chuppi Official Trailer | Kartik Aaryan, Kriti Sanon, Dinesh Vijan, Laxman Utekar | Mar 1",Maddock Films,2019-01-24T07:34:23Z,69319545,972276,25857,0,,
Bhool Chuk Maaf,w_EQg4TO1Nc,"Chor Bazari Phir Se | Bhool Chuk Maaf | Rajkummar, Wamiqa | Pritam, Tanishk, Irshad, Neeraj, Sunidhi",Sony Music India,2025-04-24T07:30:08Z,37095410,574150,17569,50,0.6463,0.8555
Maarrich,NKz9oJhVT6g,Maarrich - Official Trailer | Tusshar Kapoor | Naseeruddin Shah | Rahul Dev | 9th December,Tips Official,2022-11-19T07:18:15Z,1070342,7284,322,0,,
Beiimaan Love,VkMG5z-5Tjo,"Main Adhoora  | Beiimaan Love| Sunny Leone | Aakanksha Sharma , Sanjiv Darshan",Zee Music Company,2016-09-02T09:24:49Z,168886463,463750,6463,16,0.4202,0.51045
Sonu Ke Titu Ki Sweety,j1eogRUC-r8,"Sonu Ke Titu Ki Sweety Official Trailer | Luv Ranjan | Kartik Aaryan, Nushrat Bharucha, Sunny Singh",Luv Films,2019-12-11T08:18:08Z,966018,10253,118,0,,
Partition: 1947,YGb2W3USPBU,PARTITION:1947 | OFFICIAL TRAILER | 18th August 2017 | GURINDER CHADHA | A. R. RAHMAN | HUMA QURESHI,RelianceEntertainment,2017-06-29T12:52:07Z,7195479,62280,3891,48,0.2145,0.2846
Kaagaz 2,6DqSLijSY9I,"Kaagaz Movie Trailer | Pankaj Tripathi, Satish Kaushik | A ZEE5 Original Film | Streaming on ZEE5",ZEE5,2020-12-24T09:39:18Z,13124638,267629,8967,50,0.6099,0.7935
Jia aur Jia,Ckcj1x7oY6A,Jia Aur Jia Official Trailer | Richa Chadha | Kalki Koechlin | Arslan | Howard Rosemeyer | 27 Oct,Connecting Bollywood AB,2017-09-27T08:39:36Z,4338822,12074,427,50,0.4444,0.5719
Azhar,C1MOI8vaQos,"Azhar | Official Trailer| Emraan Hashmi, Nargis Fakhri, Prachi Desai, Lara Dutta, Gautam Gulati",Sony Pictures Films India,2016-04-01T13:58:16Z,1613867,13620,332,50,0.3057,0.43095
The Bengal Files,hYpdzoO4wz8,THE BENGAL FILES Teaser | Vivek Agnihotri | Abhishek A | Pallavi J | In Cinemas 5 Sept 2025,Abhishek Agarwal Arts,2025-06-12T06:45:00Z,578974,24841,2121,0,,
Wah Taj,2T0KIVeExFE,Wah Taj | Full Movie | Shreyas Talpade & Manjari Fadnnis | Bollywood Comedy Movie,Pen Movies,2018-05-05T11:25:41Z,28536334,224384,6239,0,,
Ganapath,szovD3BnvJI,"GANAPATH Official Hindi Trailer | Amitabh B, Tiger S, Kriti S | Vikas B, Jackky B  | 20th Oct' 23",Pooja Entertainment,2023-10-09T11:24:13Z,22765386,248330,19802,50,0.2628,0.4404
Double XL,2mztRw4Z7FI,"Double XL (Official Trailer) Sonakshi Sinha, Huma Qureshi | T-Series | Trailer",Avi Entertainment,2022-10-12T23:30:00Z,2403,12,0,0,,
Fanney Khan,uxLR6529mdw,"FANNEY KHAN Official Trailer | Anil Kapoor, Aishwarya Rai Bachchan, Rajkummar Rao",T-Series,2018-07-06T07:30:02Z,26040844,263235,9206,0,,
Freaky Ali,GpaujAio7ss,"Freaky Ali Full Movie | Nawazuddin Siddiqui, Amy Jackson, Jackie Shroff | Full Hindi Movie",NH Studioz,2023-07-22T06:30:09Z,21409075,219756,3112,0,,
Jahangir National University,uFCFmn3d0Tw,"Main Nahi Manta - JNU: Jahangir National University | Piyush Mishra, Urvashi R, Siddharth | Vijay V",Zee Music Company,2024-03-21T09:08:26Z,2102136,36996,3316,50,0.3786,0.43715
