Title,trailer_title,channel_name,video_id,published_at,viewCount,likeCount,commentCount,comments_collected,avg_sentiment,median_sentiment
Antim:The Final Truth,TxPRydAcsEs,"Hone Laga - ANTIM: The Final Truth | Aayush Sharma, Mahima Makwana | Jubin Nautiyal, Ravi B, Shabbir",Zee Music Company,2021-11-09T06:30:04Z,53245648,578611,8961,50,0.5578,0.736
Mission Majnu,Gw77Nx4eBMc,"Mission Majnu | Sidharth Malhotra, Rashmika Mandanna | Official Trailer | Netflix India",Netflix India,2023-01-09T11:06:53Z,40073917,237471,13839,50,0.4352,0.5789
OMG 2,Y6ZKXqM7HNQ,"OMG2 - Official Trailer | Akshay Kumar, Pankaj Tripathi, Yami Gautam | Amit Rai | In Theatres Aug 11",Viacom18 Studios,2023-08-03T05:31:25Z,51588258,689532,36965,50,0.436,0.6309
Lipstick Under My Burkha,EpHqeHF8NM0,"LIPSTICK UNDER MY BURKHA | Official Trailer | Releasing 21 July | Konkona Sensharma, Ratna Pathak",Prakash Jha Productions,2016-10-14T08:01:07Z,11617106,42483,2606,50,0.4617,0.69195
Manikarnika:The Queen of Jhansi,tKmkMVaNu9g,Manikarnika - The Queen Of Jhansi - Official Trailer - Kangana Ranaut - Zee Studio,Zee Studios,2018-12-18T08:19:01Z,34539546,917320,57075,50,0.5617,0.74565
Shamshera,UHYUeZ8JszQ,Shamshera Official Trailer | Ranbir Kapoor | Sanjay Dutt | Vaani Kapoor | Karan Malhotra,YRF,2022-06-24T06:50:32Z,108941735,1178795,49240,50,0.2448,0.39135
Anaarkali of Aarah,jHFT_PdLh20,"Anaarkali of Aarah - Official Trailer | Swara Bhaskar, Sanjay Mishra, Pankaj Tripathi, Sandiip Kapur",Promodome Motion Pictures,2017-02-23T12:27:31Z,2387367,4399,173,50,0.5511,0.6249
The Sabarmati Report,Mjtv0KkgCqM,"The Sabarmati Report | Official Trailer | Vikrant M, Raashii K, Ridhi D | Ektaa K | InCinemas Nov 15",balajimotionpictures,2024-11-06T15:57:02Z,23374108,236325,6267,50,0.503,0.74905
Barot House,Bz7XlZ23zcE,Barot House | Official Trailer | A ZEE5 Original | Streaming Now On ZEE5,ZEE5,2019-07-23T07:36:49Z,2941533,13587,422,0,,
Oye Bhootni Ke,L8Wfzxch7Xo,"The Bhootnii (Official Trailer) | Sanjay D, Mouni R, Sunny S, Palak | Sidhaant S | Deepak M |1st May",Soham Rockstar Entertainment,2025-03-29T08:09:30Z,15056580,292603,57580,50,0.5313,0.7213
Babumoshai Bandookbaaz,8Bakp3UKa3c,Babumoshai Bandookbaaz | Official Trailer | Nawazuddin Siddiqui | Bidita Bag,Saregama Music,2017-07-11T08:48:45Z,15607443,107952,2375,50,0.4433,0.56465
Dybbuk,nD82ZhhZF_8,"Dybbuk - Official Trailer | Emraan Hashmi, Nikita Dutta, Manav Kaul | New Horror Movie 2021 | Oct 29",Prime Video India,2021-10-20T14:00:42Z,9611535,233400,9356,50,0.4684,0.64195
Sirf Ek Bandaa Kaafi Hai,MWH7lfZdP-8,Sirf Ek Bandaa Kaafi Hai | Official Trailer | Manoj B | A ZEE5 Original Film | Watch Now on ZEE5,ZEE5,2023-05-08T07:31:21Z,28736934,71117,4386,0,,
Azaad,WvUijIdiq5U,"Azaad Official Trailer | Ajay D, Abhishek K, Ronnie S, Pragya K, Diana P, Aaman D, Rasha T | 17 Jan",RSVP Movies,2025-01-06T07:30:40Z,20309013,148874,3389,50,0.5524,0.69665
Ram Ki Janmabhoomi,iCzhNJZDv6k,"Official Trailer: Ram Ki Janmabhoomi Latest Hindi Film | Rajveer Singh, Najneen Patni, Govind Namdeo",Pop Chartbusters,2019-03-15T10:30:04Z,1264308,11450,1749,43,0.091,0
Main Ladega,1FmLRrApI7Y,MAIN LADEGA - Official Trailer | Akash Pratap Singh | Kathakaar Films | IN CINEMAS 26TH APRIL,Saregama Music,2024-04-15T09:00:03Z,8922992,72396,17462,50,0.2578,0.3435
72 Hoorain,5gH3NG2VIug,72 HOORAIN Official Trailer,Bollywood Hungama,2023-06-28T05:41:19Z,10156409,130540,15519,50,0.4378,0.5352
Pagalpanti,3-7jehmURuM,"Pagalpanti Trailer - Anil, John, Ileana, Arshad, Urvashi, Pulkit, Kriti | Anees | Releasing 22 Nov",T-Series,2019-10-22T08:23:52Z,39218135,573549,17416,50,0.6456,0.73495
Marjaavaan,RemShT6JAHw,"Tum Hi Aana Full Video | Marjaavaan | Riteish D, Sidharth M, Tara S | Jubin N | Payal Dev Kunaal V",T-Series,2019-11-24T07:36:05Z,488863076,3564463,87965,0,,
Union Leader,vea9SdnRMyg,The Union | Mark Wahlberg + Halle Berry | Official Trailer | Netflix,Netflix,2024-06-26T15:30:01Z,7650297,79123,4046,0,,
Gadar 2,mljj92tRwlk,#Gadar2 Official Trailer | 11th August | Sunny Deol | Ameesha Patel | Anil Sharma,Zee Studios,2023-07-26T14:00:13Z,67903840,1136355,80979,50,0.3882,0.6697
Teraa Surroor,E1a981dTcRc,"TERAA SURROOR OFFICIAL TRAILER | Himesh Reshammiya, Farah Karimaee, Naseeruddin Shah | T-Series",T-Series,2016-01-28T07:12:06Z,9008457,30088,3464,50,0.5457,0.67005
Chhorii 2,d4VVkwTw3x4,Chhorii 2 - Official Trailer | Prime Video India,Prime Video India,2025-04-03T04:30:30Z,22338675,38899,1126,50,0.5291,0.6369
Jatadhara,PX-Sir6GiFc,JATADHARA Official Hindi Trailer | Sudheer Babu | Sonakshi Sinha | Prerna Arora | In Cinemas 7 Nov,Zee Studios,2025-10-17T10:40:04Z,20144091,40473,2164,0,,
Jhund,iqydRuNr2yY,"Jhund (Trailer) Amitabh Bachchan | Nagraj Popatrao Manjule | Ajay-Atul | Sandeep S, Bhushan Kumar",T-Series,2022-02-23T09:45:20Z,18986347,326790,7903,50,0.5941,0.7947
Meri Nimmo,cZVjD9UJOSE,Meri Nimmo Hindi Full Movie - Anjali Patil - Karan Dave - Aryan Mishra - Popular Hindi Movie,Shemaroo Movies,2022-10-29T08:30:07Z,2907920,30474,1664,0,,
The Storyteller,BUP-qJshJ78,WATCH: The Storyteller Trailer - Busan Film Festival 2022 | Jio Studios,JioStudios,2022-10-03T06:55:59Z,196475,1633,102,50,0.4326,0.50225
Sonchiriya,aejAkKGiimk,"Sonchiriya | Official Trailer | Sushant, Bhumi P,  Manoj B, Ranvir S | Abhishek C | 1st March 2019",RSVP Movies,2019-01-07T04:30:13Z,21773768,242379,7671,0,,
Half Girlfriend,KmlBnmyelHI,Half Girlfriend Official Trailer | Arjun Kapoor | Shraddha Kapoor | 19th May 2017,balajimotionpictures,2017-04-10T06:25:29Z,41679702,304256,16025,50,0.5336,0.6647
Looop Lapeta,bRN5m0sBJy8,"Looop Lapeta | Official Trailer | Taapsee Pannu, Tahir Raj Bhasin | Netflix India",Netflix India,2022-01-13T06:00:00Z,12896657,108551,3865,50,0.4537,0.5789
Thar,8SdUGQkJYEs,"Thar | Official Trailer | Anil Kapoor, Harshvarrdhan Kapoor, Fatima Sana Shaikh | Netflix India",Netflix India,2022-04-18T07:25:31Z,21674920,123333,2252,50,0.3256,0.42015
Mantra,mj0m6h-C2ZE,MANTRA - 2 Movie : Theatrical Trailer : Charmy Kaur,Tollywood,2015-05-13T10:07:58Z,121569,391,4,1,0.5994,0.5994
The Legend of Michael Mishra,QLNtI8xZB_Y,द लेजेंड ऑफ़ माइकल मिश्रा Iफुल मूवी [एचडी] अरशद वारसीIअदिति राव हैदरी | The Legend Of Michael Mishra,CineBox Pictures,2018-12-20T06:27:47Z,9370748,81473,2242,0,,
Behen Hogi Teri,7MLW3UvYAJs,Behen Hogi Teri - Official Trailer | Rajkummar Rao | Shruti Haasan | Gautam Gulati,ODDBALL Motion Pictures,2017-05-01T12:11:55Z,20570249,167169,3118,50,0.5984,0.77145
Wajah Tum Ho,__ZvXBf1rmw,"WAJAH TUM HO Full Video Song | HATE STORY 3 Songs | Zareen Khan, Karan Singh Grover | T-Series",T-Series,2015-12-15T12:00:02Z,569007444,2403382,44067,9,0.4594,0.6249
Bawaal,NyeG2mLVCS4,"Bawaal - Official Trailer | Varun Dhawan, Janhvi Kapoor | Prime Video India",Prime Video India,2023-07-09T10:49:52Z,44196467,166150,5719,50,0.5385,0.7807
Irada,5QPQE_gIW24,Irada  Official Trailer 2017 Naseeruddin Shah &  Arshad Warsi  Movie,Red Eye Entertainment,2017-01-24T20:35:15Z,830,12,0,0,,
Mirza Juuliet,uuo-QB3C_3Q,Mirza Juliet | Full Hindi Movie | Pia Bajpai | Priyanshu Chatterjee,Shemaroo,2022-03-31T10:30:10Z,1040898,7360,398,0,,
Darran Chhoo,9E_6dLoXpm8,DarranChhoo - Title Track | Karan Patel | Nakash Aziz | Amjad Nadeem Aamir,Zee Music Company,2023-09-26T10:00:16Z,2546783,1487,138,50,0.7134,0.8402
Hum Bhi Akele Tum Bhi Akele,plgJ4JOj0-0,"Hum Bhi Akele, Tum Bhi Akele: Official Trailer I Anshuman Jha, Zareen Khan I Harish Vyas I May 9th",DisneyPlus Hotstar_IN,2021-05-03T10:30:06Z,1488344,20305,712,50,0.6886,0.8289
Binny And Family,IchtdYQk2ps,"Binny And Family | Official Trailer | Pankaj Kapur, Anjini Dhawan, Rajesh K | 27th September",T-Series,2024-09-19T07:32:49Z,1253274,7312,739,27,0.3533,0.4019
Veere Di Wedding,IZODr96ZRCc,"Veere Di Wedding Trailer | Kareena Kapoor Khan, Sonam Kapoor, Swara Bhasker, Shikha Talsania| June 1",balajimotionpictures,2018-04-25T09:30:06Z,43514762,338572,19775,0,,
Satyameva Jayate,odXKXLG43co,Official Trailer: Satyameva Jayate | John Abraham | Manoj Bajpayee | Aisha S | Milap Milan Zaveri,T-Series,2018-06-28T07:32:06Z,56213044,585693,34608,50,0.5024,0.61215
Sangee,_HFbuL2-Lew,Sangee | Official Trailer | Sharib Hashmi | Vidya M | Sanjay B | Gaurav M | In Cinemas 17th January,Armoks Films,2025-01-10T15:38:06Z,447355,5516,147,50,0.5581,0.70495
Kaabil,D_AOBicQWjg,Kaabil Official Telugu Trailer | Hrithik Roshan Balam Movie Trailer | Yami Gautam | Telugu Filmnagar,Telugu Filmnagar,2016-10-28T10:20:23Z,277180,1757,63,35,0.2945,0.3818
Romeo-N-Bullet,Bbo7mKpuiaQ,Romeo N Bullet | 2017 रोमियो एंड बुलेट Full Movie | Vije Bhatia | Rishi Verma | Aditya Kumar,Reliance Entertainment Regional,2022-08-04T12:30:03Z,13449,74,8,0,,
Arjun Patiala,nR7ETMS7Eo0,"Official Trailer: Arjun Patiala | Diljit, Kriti, Varun | Dinesh V | Rohit J | Bhushan K | 26 July",T-Series,2019-06-20T05:31:08Z,27985291,256006,9482,50,0.7447,0.90485
Mannu Kya Karegga,yps_QcDqyxE,Mannu Kya Karegga Trailer | Vyom I Saachi B | Lalit Pandit | Sharad Mehra | In Cinemas 12 Sept 2025,CURIOUS EYES CINEMA,2025-08-25T15:27:59Z,10457719,122124,9119,44,0.3676,0.3612
Traffic,G7fBlPMLR3A,Traffik (2018 Movie) - Official Trailer,Codeblack Movies,2018-01-12T20:55:25Z,3747263,5146,199,0,,
Tara Vs Bilal,W9PYDBH9EhI,"Tara Vs Bilal (Trailer) Harshvardhan Rane, Sonia Rathee | Samar Iqbal | John Abraham, Bhushan Kumar",T-Series,2022-10-08T09:08:43Z,9316878,67211,2196,50,0.5207,0.76835
Aa Bhi Ja O Piya,c1IHbA62uuE,Aa Bhi Ja O Piya - Official Trailer | Dev Sharma & Smriti Kashya,Angry Birds Entertainment,2022-09-08T11:14:50Z,16,1,0,0,,
Baby John,qyRn3rPRw8w,"Baby John - Trailer | Atlee | Varun Dhawan, Keerthy Suresh, Wamiqa G, Jackie Shroff | 25th Dec",JioStudios,2024-12-09T12:00:04Z,72896688,502021,52858,50,-0.041,-0.34
Fredrick,Bum0t2CbAak,"Flashback (2021 Movie) Official Trailer – Dylan O'Brien, Maika Monroe, Hannah Gross",Lionsgate Movies,2021-04-14T16:59:49Z,1184321,8058,412,0,,
Aankhon Ki Gustaakhiyan,JbCwz-1OHWE,Aankhon Ki Gustaakhiyan Official Trailer | Vikrant M | Shanaya K | Vishal M | In Cinemas 11th July,Zee Studios,2025-07-01T13:57:27Z,11185057,44805,1876,50,0.5701,0.7265
Happy Bhag Jayegi,hCsR3Y4wsDU,"Happy Bhag Jayegi Official Trailer Diana Penty, Abhay Deol, Jimmy Sheirgill",jagtagra films .com,2016-08-08T06:49:08Z,145,1,0,0,,
Madam Chief Minister,mE_S5tUtb-s,Trailer: Madam Chief Minister | Richa Chadha | Subhash Kapoor | Bhushan Kumar | Releasing 22 January,T-Series,2021-01-06T05:30:52Z,10086412,95096,5434,50,0.338,0.43475
Bioscopewala,iNQq32twAH0,Bioscopewala Trailer | Danny Denzongpa | Geetanjali Thapa | Tisca | Adil | Deb Medhekar |Sunil Doshi,Star Studios,2018-05-09T05:30:53Z,5320896,46943,2364,50,0.4933,0.59265
Judwaa 2,DDwbjWCgxVM,Judwaa 2 Official Trailer | Varun Dhawan | Jacqueline | Taapsee | David Dhawan | Sajid Nadiadwala,Star Studios,2017-08-21T08:26:16Z,46670814,283843,18398,50,0.6433,0.8241
Kesari Veer,nDAZqAuk5eM,"Kesari Veer (Trailer) Suniel Shetty, Vivek Oberoi, Akanksha Sharma, Sooraj Pancholi | Kanu Chauhan",Panorama Studios,2025-04-29T06:50:36Z,12525037,68902,4170,50,0.3295,0.5164
Laal Singh Chaddha,1vkTTesCudE,Aamir Khan And Naga Chaitanya Become Chaddi Buddies | Laal Singh Chaddha | Netflix India,Netflix India,2022-10-16T12:30:02Z,2784094,32093,1209,50,0.472,0.59265
A Death in the Gunj,XliKkuxa_nA,A DEATH IN THE GUNJ Trailer | Festival 2016,TIFF Trailers,2016-07-26T14:38:00Z,1172591,11592,424,50,0.5896,0.7711
Flat 211,Et37NAjAG7s,Cell 211 | Official Trailer,StudiocanalUK,2011-07-08T09:57:00Z,381524,412,31,9,0.2962,0.25
Panipat,zpXnmy-6w1g,"Panipat | Official Trailer |Sanjay Dutt, Arjun Kapoor, Kriti Sanon|Ashutosh Gowariker|In Cinema Now",RelianceEntertainment,2019-11-05T06:29:17Z,53035325,869067,104804,0,,
Tere Bin Laden: Dead or Alive,bbexxeiNNEI,Tere Bin Laden - Official Theatrical Trailer - HQ,Ad-Labs Films Ltd,2010-06-08T06:19:01Z,561726,732,166,50,0.5232,0.6249
Motichoor Chaknachoor,U6J_Pkqk5Fs,"Motichoor Chaknachoor | Official Trailer | Nawazuddin Siddiqui, Athiya Shetty | 15th November",Viacom18 Studios,2019-10-11T09:07:45Z,26436202,360872,7447,50,0.61,0.631
Section 375,WoaEYD5G_no,Section 375 official trailer |Akshay Khanna | Richa Chadha | Ajay Bahl | Releasing 13 sep. 2019,Official Trailers Media,2019-09-11T18:09:47Z,319852,1073,84,0,,
Mona Darling,v6EoprrZrj8,Official Movie Trailer I mona darling I Feb 24th 2017,First Ray Films,2017-01-25T07:04:01Z,22144,4,2,1,0,0
Sallu Ki Shaadi,m4jtofvxgZs,Sallu Ki Shaadi Official Trailer 2 | Kashyap | Arshin | Zeenat Aman | Kiran Kumar | Asrani,Aman Films Production,2018-05-10T15:04:56Z,20206,81,6,0,,
Major,PAv1Ke07QAM,MAJOR Trailer - Hindi | Adivi Sesh | Saiee M | Sobhita D | Mahesh Babu - In Cinemas June 3rd,Sony Pictures Films India,2022-05-09T11:29:05Z,31391051,775329,23840,0,,
Phillauri,uCTr7MGFK0U,Phillauri | Official Trailer | Anushka Sharma | Diljit Dosanjh | Suraj Sharma | Anshai Lal,Star Studios,2017-02-06T05:46:40Z,21570635,143476,5928,50,0.608,0.7332
Chehre,W4WTPps4zM8,"Chehre: Official Trailer | Amitabh Bachchan, Emraan Hashmi | Rumy J | Anand Pandit | 27th August 21",Anand Pandit Motion Pictures,2021-03-18T07:00:15Z,13220008,244007,15905,50,0.2997,0.4588
Simran,_LUe4r6eeQA,Simran Official Trailer | Kangana Ranaut |  Hansal Mehta | T-Series,T-Series,2017-08-08T12:45:29Z,13544977,118089,5186,50,0.492,0.65795
Animal,_YhSSfXmr9c,"SPIRIT - #OneBadHabit (Hindi) | PRABHAS | Triptii D, Vivek Oberoi | Sandeep R Vanga | Bhushan Kumar",T-Series,2025-10-23T17:14:08Z,2000272,135606,4815,0,,
Wedding Anniversary,Uk6LhwvTYrE,"Anniversary (2025) Official Trailer - Diane Lane, Kyle Chandler, Phoebe Dynevor, Dylan O'Brien",Lionsgate Movies,2025-08-19T16:01:28Z,3111482,21563,695,0,,
Panchlait,BewtxZ3KPqo,"Panchlait | Official Teaser | Amitosh Nagpal, Anuradha Mukherjee, Rajesh Sharma & Brijendra Kala",Funtime Entertainment,2017-10-26T09:30:05Z,907056,5707,90,50,0.5379,0.7357
Sitaare Zameen Par,rD3w1cZMVhk,What I disliked about Sitaare Zameen Par Film!,Dhruv Rathee Shorts,2025-06-22T15:41:09Z,6776780,485891,10498,0,,
Inn Galiyon Mein,1H2oOsFitPQ,"Inn Galiyon Mein - Movie Trailer| Javed Jaffrey, Vivaan Shah, Avantika, Sushant Singh, Ishtiyak Khan",Zee Studios,2025-03-07T14:07:17Z,17004,363,19,8,0.4309,0.53265
Laal Rang,Et46hHWedp8,KHARCH KAROD (SLOW) Video Song | LAAL RANG | Randeep Hooda | T-Series,T-Series,2016-04-07T11:58:09Z,16557822,137391,2050,11,0.2406,0
Tejas,F1gcrfMDtO8,Kangana Ranaut//Tejas Official Trailer |Tejas movie/trailer official,New films jankaree ,2023-11-02T12:58:00Z,715,3,1,0,,
Murari the Mad Gentleman,7_3cQoVSL7g,"Tera Deewana - Murari | Tanishk Bagchi | Bollywood Romantic Song | Shilpa Surroch, Biswajit",Red Ribbon Musik,2016-02-08T12:45:26Z,70796,188,23,11,0.645,0.765
Raabta,iANrABfxJaM,Raabta Official Trailer | Sushant Singh Rajput & Kriti Sanon,Global Entertainment,2017-05-07T08:15:12Z,129,1,0,0,,
Dobaara: See Your Evil,eFBmE0RTmr0,"Dobaara - See Your Evil | Official Trailer | Huma Qureshi, Saqib Saleem",B4U Motion Pictures,2017-05-09T06:30:28Z,10791712,58324,4027,0,,
Hate Story 4,g51mrP8XmAQ,"HATE STORY 4 (Full Movie): Urvashi Rautela, Vivan, Karan Wahi, Ihana Dhillon, Gulshan Grover",T-Series,2024-11-14T06:37:27Z,8495985,100074,3095,0,,
Falooda,7aXuoVfgqgs,Falooda - Refreshing Cold Beverage - Restaurant Style Falooda - Summer Special By Ruchi Bharani,Rajshri Food,2014-11-28T13:14:41Z,2508210,16663,493,50,0.5899,0.61215
The Legacy of Jineshwar,C7V1qgEHi3c,દારસ | Daras | Javed Ali |The Legacy Of Jineshwar | New Jain Song,Saregama Jain Stavans,2023-10-17T12:00:07Z,229941,1020,69,28,-0.1143,-0.296
Thackeray,Qqpl_sAcQF8,"Thackeray | Official Trailer | Nawazuddin Siddiqui, Amrita Rao | Releasing 25th January",Viacom18 Studios,2018-12-26T09:43:07Z,35609845,672673,32397,50,0.4831,0.59715
Hanuman vs Mahiravana,llXo_d0UKZw,Hanuman Vs Mahiravana 3D Movie - Theatrical Trailer | In Cinemas 6th July,Green Gold TV - Official Channel,2018-06-08T11:17:40Z,5723918,6599,0,0,,
Kuch Khattaa Ho Jaay,cFPB7FsdplI,"Kuch Khattaa Ho Jaay (Trailer): Guru Randhawa, Saiee M Manjrekar | Anupam Kher | G Ashok |Mach Films",T-Series,2024-02-07T08:39:44Z,6909974,146751,7495,50,0.4799,0.771
Tera Kya Hoga Lovely,AiuSGXFURH4,"Tera Kya Hoga Lovely | Official Trailer | Randeep Hooda, Ileana D’cruz | Releasing on 8th March 2024",Sony Pictures Films India,2024-03-10T05:48:39Z,3585322,27629,512,50,0.6698,0.8056
Dangal,x_7YlGv9u1g,"Dangal | Official Trailer | Aamir Khan | In Cinemas Dec 23, 2016",UTV Motion Pictures,2016-10-20T05:29:24Z,74045917,431305,30623,50,0.3813,0.44105
Saiyaara,BSJa1UytM8w,"Saiyaara Title Song | Ahaan Panday, Aneet Padda | Tanishk Bagchi, Faheem A, Arslan N | Irshad Kamil",YRF,2025-06-03T05:30:10Z,507377132,3935476,148321,50,0.5909,0.7611
Dil Jo Na Keh Saka,e19JCfGEbRk,Dil Jo Na Keh Saka | Himansh Kohli | Priya Banerjee | Naresh Lalwani | Full Movie,Shemaroo,2022-05-23T06:10:40Z,7798405,57128,557,0,,
Bengal 1947,3MfsZFAeNO8,THE BENGAL FILES Official Trailer | Vivek Agnihotri | Abhishek A | Pallavi J | Zee Studios | 5 Sept,Zee Studios,2025-08-16T07:30:15Z,21883747,408142,39756,0,,
Three of Us,i36Zw32GfRQ,Reminders of Him | Official Trailer,Universal Pictures,2025-10-21T15:00:23Z,21845017,21417,904,0,,
Raid 2,PQ6yUHHfZ04,The Raid 2 | Official Trailer HD (2014),Sony Pictures Classics,2014-01-23T17:24:51Z,1085683,5564,182,50,0.3607,0.42115
The Diplomat,lV6sJlBbhPs,The Diplomat | Official Trailer | Netflix,Netflix,2023-04-05T14:00:02Z,3122966,21240,1120,50,0.703,0.77425
Shaadi Mein Zaroor Aana,pK0dr5wZ0bk,"Shaadi Mein Zaroor Aana (2017) Full Hindi Movie (4K) Rajkumar Rao, Kriti Kharbanda | Bollywood Movie",Ultra Movie Parlour,2024-04-16T11:34:42Z,76580584,887585,33563,0,,
12th Fail,KjbtuqENvVE,"12th Fail - Official Trailer | Vidhu Vinod Chopra | In Cinemas Worldwide 27th October, 2023",Zee Studios,2023-10-03T05:30:45Z,25437577,204002,6919,50,0.4413,0.6369
Selfiee,Ec2yJUY5KtQ,"SELFIEE Official Trailer | Akshay Kumar, Emraan, Nushrratt, Diana | Raj Mehta | In Cinemas Feb 24",Star Studios,2023-01-22T09:20:09Z,37599401,580803,38446,50,0.2041,0.1351
Great Grand Masti,ZojV0FC-KdI,"Great Grand Masti Official Trailer | Riteish, Vivek, Aftab, Urvashi",balajimotionpictures,2016-06-16T15:21:37Z,23229664,57111,0,0,,
Mere Desh Ki Dharti,vC73sFPIFzU,Mere Desh Ki Dharti Full Movie HD - CARNIVAL MOTION PICTURES,Carnival Motion Pictures,2023-06-29T09:07:03Z,12932508,207152,7260,0,,
Rashtra Kavach Om,coJrnPbbmwg,Rashtra Kavach Om | Official Trailer | Watch Now on ZEE5,ZEE5,2022-08-01T11:06:33Z,23911008,10217,269,0,,
Andhadhun,2iVYI99VGaw,AndhaDhun | Official Trailer | Tabu | Ayushmann Khurrana | Radhika Apte | 5th October,Viacom18 Studios,2018-09-01T21:12:32Z,28515281,243765,9016,0,,
Mr. & Mrs. Mahi,TVbI55pDdaI,"Tu Hain Toh | Mr. & Mrs. Mahi | Rajkummar Rao, Janhvi Kapoor | Hunny, Bunny, Sagar | Team Jaani",Sony Music India,2024-06-03T11:30:12Z,129919985,526761,6782,0,,
Nikamma,LCEMoVCaUOw,"Nikamma - Shilpa Shetty, Abhimanyu, Shirley | Javed Mohsin, Dev, Payal, Danish, Deane",Sony Music India,2022-05-24T05:30:02Z,50847767,440729,20741,50,0.5524,0.75775
Chhaava,nsC5PhXS19Y,Chhaava Teaser | Vicky Kaushal | Rashmika M | Akshaye K | Dinesh V | Laxman U | 14th Feb 2025,Maddock Films,2024-08-19T05:29:33Z,30883926,506567,24108,50,0.3411,0.4496
Jigra,1z64b54DKEI,NEW MOVIE | JIGRA - OFFICIAL THEATRICAL TRAILER | Alia Bhatt | Vedang Raina | Vasan Bala,StyleWave Studios,2024-09-11T01:36:36Z,2643,64,0,0,,
Gali Guleiyan,itPkmai3BY8,Gali Guleiyan - In the Shadows | India Official Trailer | Manoj Bajpayee | Dipesh Jain | 7th Sept,Worldwide Records INDIA,2018-08-24T13:43:28Z,470275,6707,214,0,,
Adipurush,jF5rJAXUY4A,Adipurush (Official Teaser) Hindi | Prabhas | Saif Ali Khan | Kriti Sanon | Om Raut | Bhushan Kumar,T-Series,2022-10-02T13:40:12Z,110377936,1795732,91103,50,0.2517,0.39135
Tu Jhoothi Main Makkaar,2yeRRm9AIxI,"Pyaar Hota Kayi Baar Hai (Full video) Tu Jhoothi Main Makkaar |Ranbir,Shraddha,Pritam,Arijit,Amitabh",T-Series,2023-03-22T13:30:11Z,151659581,628295,9009,50,0.4825,0.65765
Bell Bottom,A6eZ49O67YQ,"BellBottom | Official Trailer | Akshay Kumar | Vaani | Vashu, Jackky Bhagnani | Huma | Aug 19, 2021",Pooja Entertainment,2021-08-03T13:00:09Z,53809097,857219,111266,50,0.4119,0.4019
Sarfira,8Iy2geJD8HY,Sarfira – Official Trailer | Akshay Kumar | Paresh Rawal | Radhikka | Sudha Kongara | 12th July 2024,Abundantia Entertainment,2024-06-18T06:36:01Z,83804275,812431,34804,50,0.2499,0.44015
Operation Valentine,CRazFLVBhw4,"Operation Valentine | Official Hindi Teaser | Varun Tej, Manushi Chhillar| In Cinemas 1st March 2024",Sony Pictures Films India,2023-12-18T10:32:33Z,8875561,35086,2078,50,0.3186,0.48335
Akelli,KJhgqXku6jI,Akelli - Official Trailer | Nushrratt Bharuccha | 25th August,Dashami,2023-08-04T09:15:12Z,10768455,35648,9936,50,0.3832,0.51685
Kesari,JFP24D15_XM,Kesari | Official Trailer | Akshay Kumar | Parineeti Chopra | Anurag Singh,Dharma Productions,2019-02-21T05:28:13Z,62115716,1209451,79769,50,0.4315,0.65885
Yaatris,N2aoN5pZ6lo,Yaatris - Official Trailer | Raghubir Yadav| Seema Pahwa| Jamie Lever |Anuraag Malhan|Chahatt Khanna,Zee Music Company,2023-11-08T07:36:39Z,278462,908,54,41,0.4832,0.5994
Dear Dad,X7Bt9kjCf0E,"Dear Father Gujarati Movie | Official Trailer | Paresh Rawal, Mansi Parekh, Chetan Dhanani",Venus Movies,2022-02-11T05:30:04Z,1693481,31298,967,0,,
October,Mod_oXpftJA,"Thamma Official Trailer | Ayushmann, Rashmika, Paresh, Nawazuddin | In Cinemas This Diwali- 21st Oct",Maddock Films,2025-09-26T12:49:58Z,90154797,670316,43463,0,,
Mahavatar Narsimha,wkOYEhjAXyo,"Mahavatar Narsimha Official Teaser (Hindi) | Hombale Films | Kleem Productions | April 3, 2025",Hombale Films,2025-01-14T07:03:00Z,3167136,133924,4669,50,0.2234,0
Bheed,lGAKZ6L9IVo,"Bheed | Official Trailer | Rajkummar Rao, Bhumi Pednekar, Anubhav Sinha | 24 March 2023",T-Series,2023-03-17T08:49:21Z,3227896,68679,3619,50,0.246,0.25715
Nawabzaade,7G77hHNBO8w,OFFICIAL TRAILER: NAWABZAADE | Raghav | Punit | Dharmesh | Isha |  Movie Releasing ► 27July 2018,T-Series,2018-07-12T07:36:10Z,18285221,286415,8184,50,0.7164,0.84785
Ek Ladki Ko Dekha Toh Aisa Laga,fTauOK8J-U8,Ek Ladki ko dekha - Full Video HD | 1942 A love story | Anil Kapoor | Manisha Koirala,Vidhu Vinod Chopra Films,2016-04-15T13:48:27Z,50219792,333614,8961,47,0.4204,0.4767
Tu Hai Mera Sunday,W3cgHjja-X0,TU HAI MERA SUNDAY (YOU ARE MY SUNDAY) :: IN CINEMAS 6 OCTOBER 2017 (SG),Golden Village Pictures,2017-09-13T06:55:17Z,6063,17,0,0,,
Tumko Meri Kasam,YzUP-V5-lhI,"Tumko Meri Kasam - Official Trailer | Anupam Kher, Adah Sharma, Ishwak Singh, Esha Deol | 21st March",Zee Music Company,2025-03-04T07:00:28Z,10824145,62636,4458,50,0.3223,0.39185
Coffee with D,y_bdytr9fg8,Coffee With D Official Trailer | Sunil Grover | Hindi Trailer 2021 | Zakir Khan | Anjana Sukhani,Bolly Kick,2017-05-12T10:30:01Z,770541,9698,174,0,,
Merry Christmas,xwm2BIS81CU,Merry Christmas - Tamil Trailer | Vijay Sethupathi | Katrina Kaif | Sriram Raghavan | Ramesh Taurani,Tips Tamil,2023-12-20T11:50:13Z,5888702,57420,1132,50,0.5396,0.81175
Ajmer 92,HxJu7cV_VYI,Ajmer 92|Official Teaser|Karan Verma|Pushpendra Singh|Sumit Singh|U&K Films Entertainment|21 July,RelianceEntertainment,2023-07-13T09:00:09Z,495856,9869,897,50,0.3116,0.46715
Mitron,Wm2R3aJPY2M,Metro…In Dino (Official Trailer) | Anurag Basu | Bhushan Kumar | Releasing in Cinemas on 4th July,T-Series,2025-06-04T08:31:18Z,34377610,445612,16754,0,,
Saina,_PGEsEe33GY,"Saina - New Trailer | Parineeti Chopra, Eshan Naqvi, Shubhrajyoti Barat |Amazon Prime Video|April 23",Prime Video India,2021-04-16T08:34:18Z,4257939,2638,159,0,,
Game Over,BY-R6NcnkbE,Game Over| Hindi Official Trailer | Taapsee Pannu| Ashwin Saravanan | Y Not Studios | June 14,RelianceEntertainment,2019-05-30T07:37:34Z,11216332,94755,2789,0,,
Kedarnath,03-KVRmd3xo,Kedarnath | Official Trailer | Sushant Singh Rajput | Sara Ali Khan | Abhishek Kapoor | 7th December,RSVP Movies,2018-11-12T09:29:14Z,38189340,474497,24092,0,,
Emergency,ZWu2jk7IYv0,"Emergency | Official Trailer 2 |  Kangana Ranaut | In Cinemas 17th January, 2025",Zee Studios,2025-01-06T04:00:35Z,12005376,58699,4826,50,0.3344,0.6114
3 Storeys,niGkWc512fw,3 Storeys Official Trailer | Richa | Renuka Shahane | Pulkit | Masumeh | Sharman | Ankit | Aisha,Excel Movies,2018-02-07T11:08:52Z,4828099,14176,448,50,0.4171,0.59265
Metro... In Dino,UEZm0U6KrfY,"Metro…In Dino: Zamaana Lage (Song) | Anurag Basu | Pritam | Arijit Singh, Shashwat S | Bhushan Kumar",T-Series,2025-05-28T13:00:07Z,60671663,605123,29363,0,,
Trahimam,jgOi9JB4-KI,Trahimam (Trailer) Arshi Khan Pankaj Berry Directed By Dushyant Pratap Singh,Dushyant Corporation,2022-11-01T11:30:09Z,34218,279,14,9,0.7014,0.7783
102 Not Out,qrks9Zu0f1w,102 Not Out | Official Trailer | Amitabh Bachchan | Rishi Kapoor | Umesh Shukla | In Cinemas May 4th,Sony Pictures India,2018-03-28T07:10:16Z,17680514,192538,6501,50,0.6237,0.717
Commando 3,rSM-vQbGGJA,"COMMANDO 3 | The Power of Commando 3 | Vidyut, Adah, Angira, Gulshan | Vipul Amrutlal Shah",RelianceEntertainment,2019-11-27T05:28:55Z,62938135,921240,24758,47,0.4518,0.4939
Evening Shadows,iDpqasfWF9k,EVENING SHADOWS | OFFICIAL TRAILER | SRIDHAR RANGAYAN,Solaris Pictures,2017-05-27T22:24:19Z,203938,2141,370,50,0.6495,0.7933
Noor,DHuM6C6EyXE,Noor Official Trailer | Sonakshi Sinha | Sunhil Sippy | Releasing on 21 April 2017 | T-Series,T-Series,2017-03-07T07:55:54Z,14335208,59091,2839,50,0.5605,0.66645
Do Aur Do Pyaar,lZCWcsfc5Ho,"Do Aur Do Pyaar - Official Trailer | Vidya B, Pratik G, Ileana D, Sendhil R | Applause Entertainment",Applause Entertainment,2024-04-06T06:28:06Z,17230817,29048,651,50,0.5737,0.7676
Lakadbaggha,hep-UIKFg_Y,"Lakadbaggha - Official Trailer | Anshuman Jha, Ridhi Dogra, Milind Soman & Paresh Pahuja | 13th Jan",Zee Music Company,2023-01-03T07:45:03Z,3582376,87777,3080,50,0.4133,0.5915
Baar Baar Dekho,3uPtQp8ZT-Q,Baar Baar Dekho Official Trailer with English Subtitles | Katrina Kaif | Sidharth Malhotra,Eros n0w Official,2016-08-03T21:55:02Z,645979,9336,220,0,,
5 Weddings,gN7AeJ-mEIA,"'5 Weddings' | 26 OCT |  Nargis Fakhri, Rajkummar Rao, Bo Derek, Candy Clark",UniGlobe Entertainment,2018-06-05T09:36:40Z,10772443,74672,0,0,,
Mere Husband Ki Biwi,kPDPBU8eVuo,"Mere Husband Ki Biwi | Official Trailer | Arjun, Rakul, Bhumi | Mudassar | 21 Feb",Pooja Entertainment,2025-02-01T09:53:32Z,23827965,236891,6561,50,0.5571,0.6369
I Want to Talk,kZXlMsupVz8,I Want To Talk - Trailer | Shoojit Sircar | Abhishek A Bachchan | Rising Sun Films | Kino Works,Times Music,2024-11-05T07:30:33Z,877384,11056,560,50,0.5705,0.6369
Bharat,Ea_GKoe81GY,BHARAT | Official Trailer | Salman Khan | Katrina Kaif | Movie Releasing On 5 June 2019,T-Series,2019-04-22T08:30:00Z,78821846,1293204,87903,50,0.4278,0.60335
Parched,m69d-KNi2Q0,"Parched | Official Trailer | Ajay Devgn | Leena Yadav | Tannishtha, Radhika, Surveen & Adil Hussain",Devgn Films,2016-09-12T08:59:23Z,10063026,45588,1176,50,0.5211,0.6418
Pal Pal Dil Ke Paas,lgTHGZF3BQw,"Pal Pal Dil Ke Paas - Title | Arijit Singh | Karan Deol, Sahher | Parampara, Sachet, Rishi Rich",Zee Music Company,2019-08-27T03:30:14Z,289116360,3618489,81241,50,0.6125,0.8098
Ram Setu,VgGgYOzNWno,Ram Setu | Official Trailer | Hindi | Akshay Kumar | Only in Theatres 25th Oct 2022,Zee Studios,2022-10-11T06:25:15Z,43035443,783816,47749,50,0.2672,0.5291
Haseena Parkar,RvRn6HFweO0,shraddha kapoor 2017  Haseena Parkar Official Trailer,Universal Cinema,2017-08-04T11:35:36Z,20,0,0,0,,
Chhichhore,tsxemFX0a7k,Chhichhore | Official Trailer | Nitesh Tiwari | Sushant | Shraddha | Sajid Nadiadwala | 6th Sept,Star Studios,2019-08-04T05:28:48Z,51976493,803958,21779,0,,
Ittefaq,mvfvoCdPrII,"Ittefaq | Trailer | Sidharth Malhotra, Sonakshi Sinha, Akshaye Khanna",Red Chillies Entertainment,2017-10-05T05:30:18Z,24081348,206222,11380,0,,
Main Atal Hoon,zasckclx0Gc,Main Atal Hoon | Official Trailer | Pankaj Tripathi | Ravi Jadhav | Watch Now on ZEE5,ZEE5,2024-03-11T05:23:22Z,13825372,5621,192,0,,
Jersey,9hZ2UW6Jv-I,Jersey - New Official Trailer | Shahid Kapoor | Mrunal Thakur | Gowtam Tinnanuri | 22nd April 2022,Zee Music Company,2022-04-04T07:30:19Z,56375543,254687,12171,50,0.3406,0.5106
Mardaani 2,dKeRIOA28Jk,Mardaani 2 | Official Trailer | Rani Mukerji | Vishal Jethwa | Gopi Puthran,YRF,2019-11-14T05:30:11Z,22644360,411521,16813,50,0.4281,0.5783
Mission Raniganj,QFf91hnpClI,Mission Raniganj: The Great Bharat Rescue | Official Trailer | Akshay Kumar | In Cinemas 6th October,Pooja Entertainment,2023-09-25T08:35:42Z,57661357,318145,12315,0,,
Kooki,x7JpCGSgsAI,KOOKI | Official Trailer | Ritisha Khaund | Bodhisattva Sharma | Rajesh Tailang ‪,RelianceEntertainment,2024-06-19T12:37:27Z,209142,1037,32,5,0.6395,0.765
Sky Force,OdrOp7JwZiE,"Rang | Sky Force | Akshay Kumar, Veer P, Sara, Nimrat, Tanishk, Satinder Sartaaj, Zahrah, Shloke",Saregama Music,2025-01-17T12:51:59Z,57670524,305097,6013,50,0.4658,0.6369
Zero Se Restart,qZFbp8ltfOs,Zero Se Restart Movie Review | Yogi Bolta Hai,YOGI BOLTA HAI,2024-12-13T10:42:32Z,653081,19705,390,0,,
Nishaanchi,QKem0b7Q40I,Nishaanchi - Official Trailer | In Cinemas - September 19 | Amazon MGM Studios India,MGM Studios India,2025-09-03T08:15:06Z,25335679,16783,578,50,0.4152,0.50055
Milan Talkies,Efl-kaJjalk,"Milan Talkies - Theatrical Trailer | Tigmanshu D, Ali Fazal, Shraddha Srinath, Ashutosh R, Sanjay M",Zee Music Company,2019-03-04T11:30:13Z,12967871,13352,488,50,0.6009,0.67765
Nazar Andaaz,quS0KgQzCQ0,ANDAAZ 2 | Official Trailer | Aayush Kumar | Aakaisha | Natasha Fernandez | Suneel Darshan #andaaz2,Shree Krishna International,2025-07-28T12:30:03Z,10047267,64537,7090,0,,
Luka Chuppi,#NAME?,"Luka Chuppi Official Trailer | Kartik Aaryan, Kriti Sanon, Dinesh Vijan, Laxman Utekar | Mar 1",Maddock Films,2019-01-24T07:34:23Z,69319545,972276,25857,0,,
Bhool Chuk Maaf,w_EQg4TO1Nc,"Chor Bazari Phir Se | Bhool Chuk Maaf | Rajkummar, Wamiqa | Pritam, Tanishk, Irshad, Neeraj, Sunidhi",Sony Music India,2025-04-24T07:30:08Z,37095410,574150,17569,50,0.6463,0.8555
Maarrich,NKz9oJhVT6g,Maarrich - Official Trailer | Tusshar Kapoor | Naseeruddin Shah | Rahul Dev | 9th December,Tips Official,2022-11-19T07:18:15Z,1070342,7284,322,0,,
Beiimaan Love,VkMG5z-5Tjo,"Main Adhoora  | Beiimaan Love| Sunny Leone | Aakanksha Sharma , Sanjiv Darshan",Zee Music Company,2016-09-02T09:24:49Z,168886463,463750,6463,16,0.4202,0.51045
Sonu Ke Titu Ki Sweety,j1eogRUC-r8,"Sonu Ke Titu Ki Sweety Official Trailer | Luv Ranjan | Kartik Aaryan, Nushrat Bharucha, Sunny Singh",Luv Films,2019-12-11T08:18:08Z,966018,10253,118,0,,
Partition: 1947,YGb2W3USPBU,PARTITION:1947 | OFFICIAL TRAILER | 18th August 2017 | GURINDER CHADHA | A. R. RAHMAN | HUMA QURESHI,RelianceEntertainment,2017-06-29T12:52:07Z,7195479,62280,3891,48,0.2145,0.2846
Kaagaz 2,6DqSLijSY9I,"Kaagaz Movie Trailer | Pankaj Tripathi, Satish Kaushik | A ZEE5 Original Film | Streaming on ZEE5",ZEE5,2020-12-24T09:39:18Z,13124638,267629,8967,50,0.6099,0.7935
Jia aur Jia,Ckcj1x7oY6A,Jia Aur Jia Official Trailer | Richa Chadha | Kalki Koechlin | Arslan | Howard Rosemeyer | 27 Oct,Connecting Bollywood AB,2017-09-27T08:39:36Z,4338822,12074,427,50,0.4444,0.5719
Azhar,C1MOI8vaQos,"Azhar | Official Trailer| Emraan Hashmi, Nargis Fakhri, Prachi Desai, Lara Dutta, Gautam Gulati",Sony Pictures Films India,2016-04-01T13:58:16Z,1613867,13620,332,50,0.3057,0.43095
The Bengal Files,hYpdzoO4wz8,THE BENGAL FILES Teaser | Vivek Agnihotri | Abhishek A | Pallavi J | In Cinemas 5 Sept 2025,Abhishek Agarwal Arts,2025-06-12T06:45:00Z,578974,24841,2121,0,,
Wah Taj,2T0KIVeExFE,Wah Taj | Full Movie | Shreyas Talpade & Manjari Fadnnis | Bollywood Comedy Movie,Pen Movies,2018-05-05T11:25:41Z,28536334,224384,6239,0,,
Ganapath,szovD3BnvJI,"GANAPATH Official Hindi Trailer | Amitabh B, Tiger S, Kriti S | Vikas B, Jackky B  | 20th Oct' 23",Pooja Entertainment,2023-10-09T11:24:13Z,22765386,248330,19802,50,0.2628,0.4404
Double XL,2mztRw4Z7FI,"Double XL (Official Trailer) Sonakshi Sinha, Huma Qureshi | T-Series | Trailer",Avi Entertainment,2022-10-12T23:30:00Z,2403,12,0,0,,
Fanney Khan,uxLR6529mdw,"FANNEY KHAN Official Trailer | Anil Kapoor, Aishwarya Rai Bachchan, Rajkummar Rao",T-Series,2018-07-06T07:30:02Z,26040844,263235,9206,0,,
Freaky Ali,GpaujAio7ss,"Freaky Ali Full Movie | Nawazuddin Siddiqui, Amy Jackson, Jackie Shroff | Full Hindi Movie",NH Studioz,2023-07-22T06:30:09Z,21409075,219756,3112,0,,
Jahangir National University,uFCFmn3d0Tw,"Main Nahi Manta - JNU: Jahangir National University | Piyush Mishra, Urvashi R, Siddharth | Vijay V",Zee Music Company,2024-03-21T09:08:26Z,2102136,36996,3316,50,0.3786,0.43715
Tera Intezaar,LEAltJ6l2qE,Tera Intezaar Official Trailer 2017 Released | Sunny Leone | Arbaaz Khan,MT Everest Films,2017-11-12T13:53:16Z,5221,28,0,0,,
Bad Newz,Ujb2c508yw0,Jaanam | Bad Newz | Vicky Kaushal | Triptii Dimri | Vishal Mishra,Saregama Music,2024-07-09T10:30:07Z,60288211,377207,14182,50,0.2198,0.2899
Tipppsy,Uzonzi6fKDk,"UNCUT - Tipppsy Official Trailer Launch | Pooja Bhatt, Mahesh Bhatt, Deepak Tijori | Entire Cast",Viralbollywood,2024-04-25T09:36:02Z,6242,65,11,10,0.6077,0.8232
Zubaan,Y1ZK_okNmxQ,Zubaan Official Trailer | Vicky Kaushal & Sarah Jane Dias | Releasing 4th March 2016,Sikhya Entertainment,2016-01-13T08:29:44Z,5662626,45405,836,50,0.4162,0.49135
Chicken Curry Law,lnLYzGYzAQo,"Full Movie | चिकन करी लॉ | Ashutosh Rana, Natalia Janoszek | Chicken Curry Law | Hindi Movie 2023",Wave Music Bhojpuri,2023-07-16T12:30:19Z,5315922,51480,1708,0,,
Yamla Pagla Deewana: Phir Se,MCPez-21X3U,Yamla Pagla Deewana Phir Se | Trailer | Dharmendra | Sunny Deol | Bobby Deol | Navaniat Singh,Saregama Music,2018-08-10T08:31:59Z,19709828,228064,9980,50,0.5976,0.71935
Neerja,F8RezGsOVho,"Neeraja Malayalam Movie Official Trailer | Guru S,Sruthi | Sachin Shankor Mannath | Rajesh K Raman",T-Series Malayalam,2023-05-14T04:29:10Z,1332553,8862,702,0,,
Housefull 4,gcHH34cEl3Y,Housefull 4 |Official Trailer|Akshay|Riteish|Bobby|Kriti S|Pooja|Kriti K|Sajid N|Farhad| Oct 25,Star Studios,2019-09-27T08:21:49Z,127325188,1856366,64735,50,0.6347,0.7889
Mercury,W7K61mvsr_8,Mercury | Official Trailer | Parbhu Deva | Kartik Subbhraj 2018,Standard Films,2018-04-12T20:40:13Z,108,2,0,0,,
Ground Zero,Qu1ynfL1g70,From Ground Zero | Official Trailer HD | In Theaters NOW!,Watermelon Pictures,2024-11-25T16:48:00Z,156002,2570,244,50,0.3232,0.5106
Haathi Mere Saathi,AFr2rI3kEc8,"हाथी मेरे साथी | Haathi Mere Saathi | Rana Daggubati, Pulkit Samrat,Shriya Pilgaonkar | Hindi Movie",Mzaalo Big Picture,2023-12-01T13:30:04Z,13725401,136931,2542,0,,
Maidaan,#NAME?,Maidaan Final Trailer | Ajay Devgn | Priyamani | 10 Apr | Amit S | Boney K | A.R.Rahman | Fresh Lime,Zee Studios,2024-04-02T05:37:06Z,42568694,109792,2661,50,0.3978,0.6249
Dhanak,GRq6nXiJdug,DHADAK 2 - OFFICIAL TRAILER | Siddhant Chaturvedi | Triptii Dimri | Shazia Iqbal | 1st August,Dharma Productions,2025-07-11T09:15:07Z,7751135,143611,7968,0,,
Dongri Ka Raja,g0tvMwh1Ca4,Dongri Ka Raja Official Trailer | Ronit Roy | Ashmit Patel | Gashmeer | Reecha | Sunny Leone,FILMY KEEDA PRODUCTIONS,2016-10-12T16:48:06Z,3555808,3779,132,50,0.4047,0.4757
Heropanti 2,Faz9PrY6xF8,Heropanti 2 - Official Trailer | Tiger S Tara S Nawazuddin | Sajid Nadiadwala |Ahmed Khan|29th April,NadiadwalaGrandson,2022-03-17T06:13:11Z,83214957,1404912,108480,50,0.4461,0.4939
Pranaam,MWBQ_0Ad7hw,"Official Trailer: Pranaam | Rajeev Khandelwal, Sameksha| Sanjiv Jaiswal | Releasing On►9 AUG  2019",T-Series,2019-07-26T09:17:19Z,2048742,22959,900,50,0.6836,0.81505
Siya,QA5fcwcbv2A,SIYA - Official Teaser | Pooja Pandey | Vineet Kumar Singh | Manish Mundra,DrishyamFilms,2022-08-17T08:29:49Z,2271807,4759,253,50,0.2023,0.10115
Vikram Vedha,hpwnlr-ZHB0,"Vikram Vedha Official Trailer | Hrithik Roshan, Saif Ali Khan, Pushkar & Gayatri |IN CINEMAS 30 SEPT",T-Series,2022-09-08T08:22:26Z,62006463,1275814,77072,50,0.3041,0.493
Manmarziyaan,A_2pybJIitw,Manmarziyaan | मनमर्जियां | Vicky Kaushal | Abhishek Bachchan | Taapsee Pannu | | Hindi Full Movie,Mzaalo Cineplex,2023-10-19T13:30:09Z,5648555,65225,2653,0,,
Jewel Thief,_dUNLPNfS8s,"Jewel Thief - The Heist Begins | Saif Ali Khan, Jaideep Ahlawat | Official Trailer | Netflix",Netflix India,2025-04-14T11:39:39Z,51688304,85930,3025,50,0.388,0.57165
Mission Grey House,Wr6GgM6r5Ds,"MISSION GREY HOUSE | Official Trailer |Abeer, Puja Sharma, Kiran Kumar, Rajesh Sharma| 17th Jan 2025",RelianceEntertainment,2025-01-04T14:55:33Z,227345,1683,386,40,0.3637,0.42185
A Flying Jatt,N8ja3PHlsjs,A Flying Jatt - Title Track - Full Video | Tiger S Jacqueline F | Sachin Jigar | Mansheel| Raftaar,Zee Music Company,2016-12-05T06:30:19Z,86264826,285936,5170,0,,
Veerey Ki Wedding,IZODr96ZRCc,"Veere Di Wedding Trailer | Kareena Kapoor Khan, Sonam Kapoor, Swara Bhasker, Shikha Talsania| June 1",balajimotionpictures,2018-04-25T09:30:06Z,43514816,338572,19774,0,,
Toilet: Ek Prem Katha,ym4EJQ7XORk,Toilet Ek Prem Katha Official Trailer | Akshay Kumar | Bhumi Pednekar | 11 Aug 2017,Viacom18 Studios,2017-06-11T12:53:45Z,47943205,374927,16554,50,0.5094,0.64185
War,6Wy-Du0iHHU,"WAR 2 | Trailer | Hrithik Roshan,NTR, Kiara Advani | Ayan Mukerji | YRF Spy Universe | Netflix India",Netflix India,2025-10-09T08:30:00Z,378350,7079,552,0,,
Airlift,mwVKwP0V7Q4,AIRLIFT (Full Movie): Akshay Kumar | Nimrat Kaur | Raja Krishna Menon | Hindi Movie | Bhushan Kumar,T-Series,2025-02-21T05:30:06Z,20691158,211229,5074,0,,
Farrey,WUbl1870N7c,FARREY Official Trailer | Salman Khan | Alizeh | Soumendra Padhi | In Cinemas 24th November,Salman Khan Films,2023-11-01T12:30:10Z,15606175,77565,3083,50,0.4269,0.5896
Chakallaspur,4qaFX2hWL2U,Chak Chak Chakallaspur | Movie Song | Chakallaspur,SRK MUSIC,2017-05-16T05:24:13Z,3046,36,3,0,,
31st October,PacF-CSQYUc,PUNHA SHIVAJIRAJE BHOSALE | OFFICIAL TRAILER | MAHESH MANJREKAR | SIDDHARTH BODKE | 31 OCTOBER,Zee Studios,2025-10-11T12:24:46Z,3042860,4618,207,0,,
Tubelight,PGQRNKHJwH4,Tubelight | Official Trailer | Salman Khan | Sohail Khan | Kabir Khan,Salman Khan Films,2017-05-25T15:31:04Z,30078237,292853,18185,50,0.6125,0.84
Fighter,6amIq_mP4xM,"Fighter Official Trailer | Hrithik Roshan, Deepika Padukone, Anil Kapoor, Siddharth Anand | 25th Jan",Viacom18 Studios,2024-01-15T06:29:12Z,54792874,659424,56695,50,0.2936,0.4316
Hai Apna Dil Toh Awara,adDtRrqJzys,"Hai Apna Dil l The Xpose l Himesh Reshammiya, Yo Yo Honey Singh",T-Series,2014-04-10T08:25:57Z,51735906,597472,9510,14,0.4889,0.6486
Paltan,jUVHaOoivCo,"Paltan - Official Trailer - Jackie Shroff, Arjun Rampal, Sonu Sood - J P Dutta Film - 7 Sep",trailer junction,2018-08-22T08:12:03Z,290838,3198,76,0,,
Commando 2,gO4ZIgHOR50,Commando 2 | Official Trailer | Vidyut Jammwal | Adah Sharma | Esha Gupta | Freddy | 3rd March 2017,RelianceEntertainment,2017-01-23T15:25:27Z,32706399,129324,4846,50,0.4589,0.61215
Housefull 5,rcPuG_PkAf8,Housefull 5: Laal Pari (Full Video) | Yo Yo Honey Singh | Sajid Nadiadwala | Tarun Mansukhani,T-Series,2025-06-14T09:30:04Z,76689150,398877,8031,0,,
Dhadak,qWnzMwT6SKo,Dhadak - Title Track | Dhadak | Ishaan & Janhvi | Ajay Gogavale & Shreya Ghoshal | Ajay-Atul,Zee Music Company,2018-06-20T06:58:11Z,214092686,1725572,78548,29,0.4567,0.4926
Aiyaary,KcWXKmnZZVo,Aiyaary Trailer  | Neeraj Pandey | Sidharth Malhotra | Manoj Bajpayee | Releases 16th February 2018,RelianceEntertainment,2017-12-19T10:18:35Z,23442002,247685,10011,50,0.4303,0.6059
Dukaan,kKUEGxSwmbw,"Dukaan Official Trailer | Siddharth-Garima, Monika P, Sikandar K, A Jhunjhunwala","FILMI MOVIE INDIA • 509K Views • 2 days ago 


...",2024-03-04T10:55:00Z,2393,12,0,0,,
Hamid,AbLtdPmKyL4,Hamid | हामिद | Official Trailer | 15th March | Aijaz| Rasika Dugal | Talha| Vikas Kumar| Sumit Kaul,Yoodlee Films,2019-03-06T06:30:57Z,7584740,32996,2357,50,0.4871,0.6369
Phule,#NAME?,"Phule | Official Trailer | Pratik Gandhi & Patralekhaa | Ananth Narayan Mahadevan | April 25, 2025",Zee Studios,2025-03-24T10:03:06Z,4129124,206053,12969,50,0.321,0.1279
Hope Aur Hum,kv4eDPAppjQ,"Hope Aur Hum Official Trailer Launch | Naseeruddin Shah, Sonali Kulkarni",Filmymantra,2018-04-24T16:07:18Z,50,2,0,0,,
The Fakir of Venice,Du6u7TYYw7Q,"The Fakir of Venice Trailer - Farhan Akhtar, Annu Kapoor | AR Rahman",October Films India,2017-05-27T08:08:34Z,3590497,19556,462,50,0.5045,0.61715
Heer Express,eV4M8WKmAxc,Ve Ranjhana | Heer Express | Divita Juneja & Prit Kamani | Simar Kaur & Navi Sran | Avvy Sra,Zee Music Company,2025-06-24T06:31:32Z,21578084,141127,2461,50,0.6098,0.7648
Moh Maya Money,Dkj5TkUn8to,"Sab Moh Maaya Hai (Trailer) | Annu K, Sharman J | Abhinav P | Anurag K | Zee Anmol Cinema 18th Nov",Hitz Music,2023-10-30T15:45:49Z,3946207,62511,1196,0,,
Jogira Sara Ra Ra,D2L6t0wuEtE,Jogira Sara Ra Ra - Official Trailer | Nawazuddin Siddiqui & Neha Sharma | Kushan Nandy,Zee Music Company,2023-05-01T09:16:00Z,9909796,90752,1771,50,0.5138,0.7259
Running Shaadi,PhKoIWwU-xQ,Running Shaadi | Official Trailer | Taapsee Pannu | Amit Sadh | Releasing 17th Feb 2017,Times Music,2017-01-05T11:37:16Z,576014,2083,74,50,0.3964,0.5148
Photograph,hUL2z8Ps_Ik,Photograph – Official Trailer Starring Nawazuddin Siddiqui and Sanya Malhotra | Amazon Studios,Prime Movies,2019-02-18T10:29:59Z,6147639,37328,1344,50,0.5578,0.69955
Joram,XOCbjto_DFk,#Joram Official Trailer | 8th Dec Worldwide | Manoj Bajpayee | Zeeshan Ayyub | Smita T | Devashish M,Zee Studios,2023-11-24T07:15:51Z,11573883,43640,954,0,,
Waarrior Savitri,sJNMtM1zECg,Waarrior Savitri - Official Trailer | Niharica Raizada | Lucy Pinder | Om Puri | Hindi Movie 2016,Venus Movies,2016-09-07T12:10:31Z,261356,827,49,0,,
Fraud Saiyaan,e20_3EAxcQ4,"Fraud Saiyaan Official Trailer | Arshad Warsi, Saurabh Shukla, Elli AvrRam, Sara Loren | 18 Jan 2019",Tips Official,2018-12-27T13:00:30Z,13853549,159015,3441,50,0.742,0.86195
Jab Harry Met Sejal,cYOB941gyXI,"Hawayein Lyrical Video - Jab Harry Met Sejal | Shah Rukh Khan, Anushka | Arijit Singh | Pritam",SonyMusicIndiaVEVO,2017-08-24T07:00:02Z,562692890,2923274,76300,0,,
Rukh,KAOmkeosa8I,"KING - Official Trailer | Shah Rukh Khan | Suhana Khan | Abhishek Bachchan, Sujay Ghosh, New Movie","Golden Movies  • 1.6M views • 3 hours ago




`",2025-01-21T06:53:19Z,3807705,62808,1105,0,,
Yeh Hai India,RftrD49jqMc,Yeh Hai India | International Trailer | Gavie Chahal | Lomharsh | In Cinemas 24 May,DLB Films Pvt Ltd,2017-07-05T12:03:52Z,3087074,21526,208,50,0.5502,0.6249
Mantostaan,QFbUei2DDhc,Manto - Official Trailer | Nawazuddin Siddiqui | Nandita Das | In Cinemas 21st September 2018,Viacom18 Studios,2018-08-14T18:37:01Z,12561168,151757,4506,0,,
Aligarh,JezwsQKpXuU,Aligarh Official Trailer | Watch Full Movie On Eros Now,Eros Now Music,2016-01-29T12:30:01Z,5712725,39008,1470,50,0.6019,0.7307
Tiger 3,Jw3UyeMmOdw,Tiger 3 | Date Announcement | Salman Khan | Katrina Kaif | Emraan Hashmi | Maneesh Sharma,YRF,2022-03-04T06:08:56Z,22277331,688962,30287,50,0.0655,0
Golmaal Again,VgQUwsUHdqc,Golmaal Again | Official Trailer | Rohit Shetty | Ajay Devgn,RelianceEntertainment,2017-09-22T07:09:08Z,42749941,301016,19360,50,0.4937,0.62445
Begum Jaan,rhmT2nfc6ko,Begum Jaan | Official Trailer | Vidya Balan | Srijit Mukherji,Vishesh Films,2017-03-14T10:08:36Z,38584286,177474,7376,50,0.5864,0.6418
Super 30,QpvEWVVnICE,Super 30 | Official Trailer | Hrithik Roshan | Vikas Bahl | July 12,RelianceEntertainment,2019-06-04T07:56:58Z,68485904,1484652,66795,50,0.4982,0.6369
Sukhee,7EwAT0N1sRw,Sukhee - Official Trailer | Shilpa Shetty | Kusha Kapila | 21 Sep in GCC | worldwide on 22 Sep.,FunAsia Films,2023-09-16T18:00:58Z,323624,0,3,0,,
Junooniyat,y9jtbWNAvXc,EK DEEWANE KI DEEWANIYAT - Trailer | Harshvardhan & Sonam | Milap | Anshul | In Cinemas 21st October,Play DMF,2025-10-08T05:30:02Z,47459838,413543,42276,0,,
Love Ke Funday,PYjlBtSryoY,Love Ke Funday - Official Trailer 2016 | Shaleen Bhanot | Pooja Banerjee | Hindi Movies Trailer 2016,Venus Movies,2016-11-05T09:47:48Z,48704,215,1,0,,
Cash,f5y-cziwmMw,Crime 101 | Official Trailer,Amazon MGM Studios,2025-10-23T13:00:02Z,5251022,10731,604,0,,
Raid,m6Q7KnXpNOg,The Raid | Official US Trailer HD (2011),Sony Pictures Classics,2012-02-24T18:04:21Z,5637838,30703,1477,44,0.1622,0.0386
Bhool Bhulaiyaa 2,J1rOfVst-EQ,"Bhool Bhulaiyaa 2 (Title Track) Kartik A, Kiara A, Tabu |Pritam, Tanishk, Neeraj, Anees B, Bhushan K",T-Series,2022-05-02T05:30:27Z,341299801,2677511,87761,50,0.651,0.84555
Mom,hctApy_i-qg,MOM - Official Trailer | Sridevi | Nawazuddin Siddiqui | Akshaye Khanna | Hindi Thriller Movie,Zee Studios,2017-06-03T08:41:13Z,16006190,73322,3088,50,0.6715,0.78445
Jacqueline I Am Coming,WP-Fy4iMsVQ,"Gevi - Trailer | Sheela, Jacqueline, Aadhavan, Charles Vinoth | Tamil Dhayalan | Balasubramaniam",TrendMusic,2025-07-06T12:30:40Z,1234587,3873,253,0,,
Bajrang Aur Ali,ZPYRggGZKyE,Bajrang Aur Ali | Official Trailer | In Cinemas Now,Utterup Films,2024-05-24T05:22:32Z,9868110,25863,315,50,0.6256,0.6369
Ishqeria,bd8Fa7N7o5Q,Offical Trailer: Ishqeria | Richa Chadha | Neil Nitin Mukesh,T-Series,2018-08-29T12:17:29Z,3797571,21736,1345,50,0.6022,0.77735
Race 3,xBht9TG7ySw,Race 3 | Official Trailer | Salman Khan | Remo D'Souza | Releasing on 15th June 2018 | #Race3ThisEID,Salman Khan Films,2018-05-15T12:13:00Z,69637689,732949,39455,50,0.2945,0.24305
Dono,3Q38mFO_JZU,"Dono: Official Teaser | Rajveer Deol, Paloma, Avnish S. Barjatya | In Cinemas Soon",Rajshri,2023-07-25T08:30:09Z,10784271,19821,2225,0,,
Raazi,nDbjJVmGV98,"‘Raazi’ Official Trailer | Alia Bhatt, Vicky Kaushal | Directed by Meghna Gulzar | 11th May 2018",Junglee Pictures,2018-04-10T02:22:53Z,7908533,62197,2511,50,0.5636,0.73195
Julie 2,5DrKdVgeIo8,"Julie 2 | Theatrical Trailer | Pahlaj Nihalani | Raai Laxmi, Ravi Kishen, Deepak Shivdasani",Sony music Bharat,2017-11-28T22:05:46Z,58125,154,1,0,,
Uunchai,nS5xqazKipA,"Uunchai - Official Trailer | Amitabh Bachchan, Anupam Kher, Boman Irani",YRF,2022-11-03T10:30:09Z,3917782,70076,1269,50,0.5321,0.6309
Afwaah,0drCO1XmlNU,Afwaah Official Trailer | Nawazuddin | Bhumi | Sumeet | Sudhir M | Anubhav S | In Cinemas 5th May,T-Series,2023-04-19T09:00:03Z,5378653,91456,2832,50,0.5903,0.8243
Doctor G,hY_e3BhFYBw,"Doctor G | Official Trailer | Ayushmann Khurrana, Rakul Preet Singh, Shefali Shah | Netflix India",Netflix India,2022-12-09T11:00:32Z,4008292,39197,590,0,,
G Kutta Se,YVyeXwsvYJ0,Original Ragini | Chillum Haath Mein | G KUTTA SE,G Kutta Se,2017-06-03T13:37:29Z,1484015,11413,292,20,0.3377,0.4215
Bunty Aur Babli 2,7tIeexlSBjA,"Luv Ju Song | Bunty Aur Babli 2 | Siddhant C, Sharvari | Arijit Singh | Shankar-Ehsaan-Loy | Amitabh",YRF,2021-11-01T07:24:17Z,40613058,278292,6801,50,0.4629,0.7161
Bombairiya,beXcTeJfyiw,BOMBAIRIYA-One Mad Day in Mumbai Official Trailer Launch| Best New Film Trailers|#BollywoodHappening,JoinFilms,2018-11-29T14:58:51Z,4568,74,17,15,0.4372,0.4215
Shivaay,CBqdVosM4gU,BOLO HAR HAR HAR  Video Song |  SHIVAAY Title Song |  Ajay Devgn |  Mithoon Badshah | T-Series,T-Series,2016-09-13T05:30:00Z,261011389,1666984,3779,50,0.3666,0.41
Kalank,2ZaT6xswCO0,KALANK | Official Trailer | Varun | Aditya Roy | Sanjay | Alia | Sonakshi | Madhuri,Bollywood Pictures,2019-03-19T15:00:59Z,284,1,0,0,,
The Body,4f9jIdg4rTQ,"The Body | Official Trailer | Rishi Kapoor, Emraan Hashmi, Sobhita Dhulipala, Vedhika | 13th Dec",Viacom18 Studios,2019-11-15T07:40:44Z,36024844,260316,11158,50,0.436,0.59775
Befikre,Ta5J2CVj5WE,Befikre Movie Official Trailer  |  Ranveer Singh  |  Vaani Kapoor  fun made,Official Movie trailor rockwithkaall,2016-07-18T13:33:17Z,479,0,0,0,,
Toolsidas Junior,tV6aF2WOsVU,"Toolsidas Junior (Trailer) | Varun B, Sanjay Dutt, Rajiv K | Mridul, Swanand K, Ashutosh G,Bhushan K",T-Series,2022-02-19T09:30:19Z,15451139,125037,2048,50,0.5149,0.7336
Student of the Year 2,zuaLWHiRXkg,Hook Up Song -  Student Of The Year 2 | Tiger Shroff & Alia | Vishal and Shekhar |Neha Kakkar|Kumaar,Zee Music Company,2019-04-30T10:29:08Z,558501524,2976522,86725,50,0.5992,0.7424
Sanju,1J76wN0TPI4,Sanju | Official Trailer | Ranbir Kapoor | Rajkumar Hirani | Releasing on 29th June,Star Studios,2018-05-30T07:51:32Z,79068723,1051534,78497,50,0.5668,0.68385
Sajini Shinde Ka Viral Video,AM0JataRut4,SAJINI SHINDE KA VIRAL VIDEO FULL HD HINDI MOVIE #1millionviews #MOVIE #like #subscribetomychannel,rmdv_editz,2024-01-08T00:52:30Z,306517,3700,251,0,,
83,QHdkC6Kn0Io,83 | Official Trailer | Hindi | Ranveer Singh | Kabir Khan | IN CINEMAS 24TH DEC,RelianceEntertainment,2021-11-30T03:30:00Z,83904761,1569551,52642,50,0.6013,0.7184
Kaagaz,6DqSLijSY9I,"Kaagaz Movie Trailer | Pankaj Tripathi, Satish Kaushik | A ZEE5 Original Film | Streaming on ZEE5",ZEE5,2020-12-24T09:39:18Z,13124750,267630,8967,50,0.6148,0.7964
Maassab,zZ8X1QtjTkU,Maassab Full HD Movie | Sheetal Singh | Shiva Suryavanshi | Chandrabhushan Singh | Aditya Om,ShemarooMe USA,2024-03-16T14:30:06Z,443929,6887,347,0,,
Kissebaaz,ECpKQ8FzRpE,"कम से कम १२ साल के लिये अंदर जायेगा | Kissebaaz 2019 | Pankaj Tripathi, Evelyn Sharma |  Part 1",Rajshri,2022-01-01T10:30:02Z,10973031,46320,494,0,,
Kahan Shuru Kahan Khatam,CaLFmah0xpc,"Kahan Shuru Kahan Khatam (Trailer) Dhvani B, Aashim G, Saurabh D, Laxman Utekar, Vinod B | Sept 20",Hitz Music,2024-08-23T05:30:40Z,12902657,119662,7041,50,0.4077,0.4665
Jolly LLB 3,v1FAaUxF0kg,Teaser | Akshay Kumar | Arshad Warsi | Subhash Kapoor | Jolly LLB 3 | In Cinemas 19th September,Star Studios,2025-08-12T05:20:04Z,36713014,424530,11874,50,0.5403,0.6933
Ghayal: Once Again,0UdxNxNArXU,Ghayal Once Again Official Trailer | Sunny Deol | 5th Feb 2016,Vijayta Films,2015-11-10T13:00:49Z,6880320,24522,1932,50,0.6567,0.78755
Sandeep Aur Pinky Faraar,vHiLZkR6rSg,Sandeep Aur Pinky Faraar | Official Trailer | Arjun Kapoor | Parineeti Chopra | Dibakar Banerjee,YRF,2020-03-04T08:07:09Z,7741391,130759,7616,50,0.4847,0.6054
Project Marathwada,fFmQv_E5K8s,"Project Marathwada Full Movie | Om Puri Superhit Movie | Seema Biswas,Dalip Tahil | Govind Namdev",ShemarooMe USA,2024-03-30T14:30:06Z,206830,1701,62,0,,
Sikandar,RouIzAuPGGU,"SIKANDAR Official Film Teaser - Salman Khan, Rashmika | Sajid Nadiadwala | A.R. Murugadoss | EID2025",NadiadwalaGrandson,2025-02-27T10:17:40Z,38983791,680110,56872,50,0.3934,0.6369
Hukus Bukus,ftZhwoCbP5Y,HUKUS BUKUS 2023 Official Teaser| Arun Govil | Darsheel Safary | Article 370|,Shining Sun Studioss,2023-10-15T06:38:31Z,538033,2953,51,0,,
Pride,EmFA0KnSs6Q,[Official Trailer] State of Pride,YouTube Originals,2019-05-13T16:00:03Z,2360723,1749,42,31,0.3127,0.34
The Zoya Factor,tz9TN7ixPW0,The Zoya Factor | Official Trailer | Sonam K Ahuja | Dulquer Salmaan | Dir: Abhishek Sharma | Sep 20,Star Studios,2019-08-29T08:15:13Z,23556312,293546,15977,50,0.5755,0.76575
Hume Tumse Pyaar Kitna,iEqGMWRKqTE,"Official Trailer: HUME TUMSE PYAAR KITNA | Karanvir Bohra,Priya Banerjee,Sameer Kochar | Lalit Mohan",T-Series,2019-06-03T10:31:47Z,4843521,109179,5276,0,,
Naam,vQW1zkuO3VM,Naam Official Trailer - Suriavelan | Stephen Zechariah | Ajmal | Suman,360 Entertainment Productions,2020-12-02T10:00:17Z,161809,5145,129,50,0.3226,0.3715
Mirzya,pv9yYF5GrWg,MIRZYA Title Song | MIRZYA | Rakeysh Omprakash Mehra | Gulzar | Shankar Ehsaan Loy | T-Series,T-Series,2016-09-01T10:30:01Z,12859575,73125,2373,0,,
Kisi Ka Bhai Kisi Ki Jaan,bsi8_9EoYyg,"Kisi Ka Bhai Kisi Ki Jaan - Official Trailer | Salman Khan, Venkatesh D, Pooja Hegde | Farhad Samji",Salman Khan Films,2023-04-10T13:05:19Z,57855595,932274,68958,50,0.2899,0.64275
Drishyam 2,0f-nd1uGsjQ,Drishyam 2 - Official Trailer (Malayalam) | Mohanlal | Jeethu Joseph | Amazon Original Movie| Feb 19,Prime Video India,2021-02-06T10:48:36Z,23195974,340482,66728,50,0.4174,0.5571
Shaila,K_hyFjKhb00,"Silaa - Official Trailer | Harshavardhan Rane, Sadia Khateeb | Silaa Trailer | New Movie 2025",Next Frame Films,2025-07-04T06:29:16Z,147014,2283,62,0,,
Global Baba,aeSLue2mjt4,Global Baba Hindi Movie | Sanjay Mishra | Pankaj Tripathi | Sandeepa Dhar | Bollywood Latest Movie,Shemaroo Movies,2022-05-22T13:00:01Z,7270004,53212,1733,0,,
Ishq Click,b6ZfpWkCITk,Ishq Click,A.W.G movies,2017-12-14T19:44:13Z,106721,1496,64,0,,
Rock On 2,lpHSNxRj27Q,‘Rock On!! 2’ Trailer,Nu Metro,2016-11-07T12:23:13Z,8990,50,0,0,,
Dedh Lakh Ka Dulha,e1cx2lF_JpQ,"Dedh Lakh Ka Dulha  (Official Trailer) Akhilendra Mishra, Abhay Singh, Ishtiyaq Khan, Dhruv Chheda,",KK Music World,2022-12-12T06:29:34Z,128195,1191,64,50,0.3877,0.4215
Tu Meri Poori Kahani,7RNMPvBvcXc,"Tu Meri Poori Kahani Official Trailer | Mahesh Bhatt, Vikram B, Suhrita, Hirranya, Arhaan | 26 Sept",Saregama Music,2025-09-17T13:30:16Z,5330693,17869,967,50,0.5144,0.68995
Pataakha,cDsfX4CK9EY,Pataakha | Official Trailer | Vishal Bhardwaj | Sanya Malhotra | Radhika Madan | Sunil Grover,B4U Motion Pictures,2018-08-14T18:30:12Z,19768635,190190,6756,50,0.5536,0.6529
Goldfish,pbZu0rUaXqw,"Operation Gold Fish Theatrical Trailer || Aadi, Sasha Chettri, Nitya Naresh || Adivi Sai Kiran",Aditya Music,2019-10-07T05:30:02Z,785384,15759,492,50,0.5051,0.6369
7 Hours To Go,ZmkoRZNlzQo,7 HOURS TO GO : OFFICIAL TRAILER,Krian Pictures,2016-05-25T04:38:14Z,1845178,2884,85,30,0.3104,0.43095
Ladki: Dragon Girl,0YSaUmmlZ2I,Enter The Girl Dragon Trailer 2 | RGV | India's First Martial Arts Film | Pooja Bhalekar,RGV,2019-12-13T09:37:35Z,5575878,85016,3527,50,0.3207,0.3612
Judgementall Hai Kya,BywLe4m2j2I,"Judgementall Hai Kya Official Trailer | Kangana Ranaut, Rajkummar Rao | 26th July 2019",balajimotionpictures,2019-07-02T15:00:23Z,27038114,368058,13719,50,0.5105,0.6124
Bhediya,d_BPlvbw_ok,Bhediya: Official Trailer 4K | Varun Dhawan | Kriti Sanon | Dinesh Vijan | Amar Kaushik | 25th Nov,Maddock Films,2022-10-19T06:44:12Z,59290016,672059,30008,50,0.4338,0.70935
Pathaan,YxWlaYCA8MU,"Jhoome Jo Pathaan Song | Shah Rukh Khan, Deepika | Vishal & Sheykhar, Arijit Singh, Sukriti, Kumaar",YRF,2022-12-22T05:30:09Z,1189798304,7061306,250339,50,0.3041,0.53945
The Sky Is Pink,OnBN5b48HBc,The Sky Is Pink | Official Trailer | Priyanka Chopra | Farhan Akhtar | Zaira Wasim | Netflix India,Netflix India,2019-12-11T11:18:29Z,796583,13323,237,0,,
Bhool Bhulaiyaa 3,Cus-6cnyt1s,"Bhool Bhulaiyaa 3 - Title Track | Kartik A | Pitbull, Diljit, Neeraj S, Tanishk, Pritam | Bhushan K",T-Series,2024-10-16T08:30:07Z,128634109,1106593,63703,0,,
The Lady Killer,w8F4yVGv1eA,"The Lady Killer (Full Movie): Arjun Kapoor, Bhumi Pednekar | Ajay Bahl | T-Series",T-Series,2024-09-02T05:30:08Z,5000306,52856,4858,0,,
Monsoon Shootout,cBrV9rPm62c,Monsoon Shootout | Official Interactive Trailer | Nawazuddin | Vijay | Releasing on 15th Dec,Sikhya Entertainment,2017-12-04T04:33:23Z,3593289,5781,294,0,,
Vodka Diaries,DHxnbfh1_8M,Vodka Diaries | Official Trailer | Kay Kay Menon | Raima Sen | Mandira Bedi | 19th January 2018,Vodka Diaries,2018-01-08T07:03:40Z,4204799,23995,1041,50,0.5428,0.71325
Genius,Yf2CzzkWYms,"Genius Official Trailer | Utkarsh Sharma, Ishita, Nawazuddin | Anil Sharma | Bollywood Movie 2018",Tips Official,2018-07-24T06:45:15Z,41083946,285596,13065,50,0.565,0.6369
Rocket Gang,kqp2kUkXpCs,Rocket Gang | Official Trailer | Bosco Martis | Aditya Seal | Nikita Dutta | Releasing on 11.11.22,Zee Studios,2022-10-14T09:58:08Z,5858962,14639,0,0,,
Shaadi Teri Bajayenge Hum Band,Eua_7ybb21E,Shaadi Teri Bajayenge Hum Band (HD) - Rahul Bagga - Rajpal Yadav - Bollywood Comedy Movie,Shemaroo Movies,2021-05-16T07:55:19Z,2725042,22511,311,0,,
The Final Exit,Hux3uEsesEc,The Last Exit | Official Trailer |  Tubi Original,Tubi,2023-11-14T01:33:55Z,83156,278,44,0,,
Badhaai Do,Jdr2VkaueOY,"Badhaai Do Official Trailer | Rajkummar R, Bhumi P | Harshavardhan Kulkarni | In Cinemas 11th Feb",Netflix new movies,2022-02-16T03:45:35Z,45,5,0,0,,
Kill,cVyNeDYu9Kk,"Kill (2024) Official Teaser Trailer -  Lakshya, Tanya Maniktala, Raghav Juyal",Lionsgate Movies,2024-04-04T14:00:05Z,12195907,86732,3677,41,0.1599,0.3612
Dil Juunglee,HEa-e1zVv7M,Bandeya | Dil Juunglee | Taapsee P | Saqib S | Shaarib & Toshi | Arijit Singh,Sony Music India,2018-02-22T05:29:54Z,7496098,164395,2525,50,0.5583,0.6762
Hamare Baarah,hFgkiym1hDw,Hamare Baarah Trailer | Hamare Baarah | Hamare Baarah Movie | Hamare Baarah Movie Trailer |Hamare 12,Vikram liftz,2024-06-20T09:18:28Z,129523,1491,368,0,,
Baadshaho,4nBU02Fv02s,"Baadshaho (Full Movie): Ajay Devgn | Emraan Hashmi | Ileana D'Cruz, Vidyut Jammwal, Esha Gupta",T-Series,2024-09-28T05:30:03Z,21924791,226501,3837,0,,
Pink,DU3MAeDaZls,P!NK - All I Know So Far (Film Trailer),PinkVEVO,2021-05-11T20:00:06Z,609573,17814,949,0,,
Bhanwarey,XaJQxQo--tU,"Bhanwarey I Trailer I Shaurya Singh, Karhan Dev, Jashan Singh, Priyanka Shukla I Mannan Music 2017",Mannan Music Entertainment II,2017-03-03T15:57:41Z,351869,1231,15,8,0.5794,0.78735
Dhak Dhak,2MFMwvJd12k,DHADAK 2 - OFFICIAL TRAILER | Siddhant Chaturvedi | Triptii Dimri | Shazia Iqbal | In Cinemas 1stAug,Zee Studios,2025-07-11T09:15:07Z,25630094,152419,8821,0,,
Gurgaon,2GK2g0DhDJ8,JINN - Official Trailer | Alia Bhatt | New Movie Trailer | New Trailers | Trailers 2025,Phantom Pictures™,2025-10-24T12:50:23Z,359308,3721,108,0,,
Battalion 609,O1VXgmIFukA,Battalion 609 (2019) | Shoaib Ibrahim | Shrikant Kamat | Vicky Ahija | Action Movie,Shemaroo,2020-05-22T12:30:00Z,28027428,217574,4861,0,,
A Gentleman,IMXifj-peiQ,"A GENTLEMAN - Sundar, Susheel, Risky | Official Trailer | Sidharth | Jacqueline | Raj & DK",Star Studios,2017-07-10T06:31:25Z,18258324,128347,5914,50,0.5966,0.7177
Article 15,rV_LktjMcUI,Article 15 - Trailer | Ayushmann Khurrana | Anubhav Sinha | Releasing on 28June2019,Benaras Media Works,2019-07-24T13:27:39Z,733374,10680,363,0,,
Jaat,GUYg6TmOZmU,JAAT - Theme Song | Sunny Deol | Thaman S | Amrit Maan | Gopichandh Malineni,Zee Music Company,2025-04-08T07:24:20Z,25722545,262071,12848,50,0.4174,0.58815
Bachchhan Paandey,QkPxhZO-0hc,"Heer Raanjhana (Full Video) Bachchhan Paandey | Akshay, Jacqueline Arijit, Shreya, Amaal M, Farhad S",T-Series,2022-03-27T09:30:10Z,9394676,124861,1148,0,,
Ye Mard Bechara,4oByPmfMxu4,Ye Mard Bechara I Official Trailer I Veeraj Rao I Seema Pahwa I Brijendra Kala I Atul I Anuup Thapa,2idiots Films,2021-10-30T08:24:19Z,1887656,0,1932,50,0.6158,0.6309
Gangubai Kathiawadi,Jh_VKJAEnUY,Gangubai Kathiawadi | Dholida | Sanjay Leela Bhansali | Alia Bhatt | Official Video | Ajay Devgn,Saregama Music,2022-02-10T05:36:28Z,161180378,1050710,17449,50,0.4608,0.6935
India's Most Wanted,xmab5E_62og,India's Most Wanted | Official Trailer | Arjun Kapoor | Raj Kumar Gupta | 24th May,Star Studios,2019-05-02T07:28:48Z,22171389,132281,7477,50,0.4635,0.5961
Kapkapiii,6QudgN2wmv0,"Kapkapiii Official Trailer | Sangeeth S | Shreyas T, Tusshar K, Siddhi | In Cinemas 23rd May",Zee Studios,2025-05-14T07:17:19Z,9769646,56983,3271,50,0.3752,0.6309
Jalebi,IFtwhMK64H8,Tesher - Jalebi Baby (Original Version) (Official Lyric Video),Tesher,2020-11-13T05:00:08Z,283376533,3180875,61634,0,,
Article 370,6Pf6RUmq7S0,"Article 370 | Official Trailer | Yami Gautam, Priya Mani | 23rd Feb 2024 | Jio Studios | B62 Studios",JioStudios,2024-02-08T08:49:41Z,32832649,264980,14009,50,0.3402,0.55255
Dashmi,#NAME?,"Dasvi | Official Trailer | Abhishek Bachchan, Yami Gautam, Nimrat Kaur | Netflix India",Netflix India,2022-03-23T05:30:01Z,10956368,260603,7689,50,0.6303,0.7826
Fever,18xV_Rr0YoI,No.1 Open Ending Bollywood Film of All Time #FilmiIndian #Shorts,Filmi Indian,2024-05-22T07:18:21Z,6352159,333686,881,0,,
Rangoon,B-tC0wcIu24,"Rangoon | Official Trailer | Shahid Kapoor, Saif Ali Khan and Kangana Ranaut",Viacom18 Studios,2017-01-05T20:33:53Z,18975307,107475,2710,50,0.532,0.73875
A Scandall,M1UGGZnHyf8,Anatomy of a Scandal | Official Trailer | Netflix,Netflix,2022-03-17T15:01:22Z,2115510,21100,829,0,,
Aakhir Kab Tak,FmPIaN5cMlc,AAKHIR KAB TAK || Short Film || Official Trailer || 1J Films,1J Films & Production,2021-05-02T05:17:31Z,3698,55,12,0,,
Naam Shabana,upyeAQv4pUs,"Naam Shabana Official Theatrical Trailer | ""In Cinemas Now""",RelianceEntertainment,2017-03-17T06:30:05Z,11982483,50010,1626,50,0.5147,0.7307
Shubh Mangal Saavdhan,r6r8UYU7Zcs,"Shubh Mangal Zyada Saavdhan Trailer | Ayushmann Khurrana, Neena G, Gajraj R, Jitu K|21 February 2020",T-Series,2020-01-20T08:03:57Z,59553694,747884,31408,0,,
Thank God,zqHUMF9syFA,"Manike (Full Video): Thank God | Nora,Sidharth| Tanishk,Yohani,Jubin,Surya R |Rashmi Virag|Bhushan K",T-Series,2022-10-30T05:30:10Z,151011185,708021,8835,0,,
Badrinath Ki Dulhania,1YBl3Zbt80A,"Badri Ki Dulhania (Title Track) Varun, Alia, Tanishk, Neha, Monali, Ikka | ""Badrinath Ki Dulhania""",T-Series,2017-02-06T08:28:26Z,983733431,3132879,82992,50,0.5071,0.64045
Qarib Qarib Singlle,MU4QL-VwDlc,Qarib Qarib Singlle - Official Trailer | Irrfan Khan | Parvathy | Neha Dhupia | Hindi Movie,Zee Studios,2017-10-06T11:29:45Z,16004665,101284,5611,50,0.6494,0.71035
Batti Gul Meter Chalu,RsZmENwrrss,Shahid Kapoor - Batti Gul Meter Chalu (2018) Shraddha Kapoor | Latest Bollywood Release,2000s Ki Filmein,2024-04-12T11:30:10Z,49078101,546710,19340,0,,
Shab,wT4HcYAeV5U,The Raja Saab (Official Trailer) Hindi | Prabhas | Maruthi | Thaman| TG Vishwa Prasad| Krithi Prasad,T-Series,2025-09-29T12:30:45Z,16331899,361552,12063,0,,
Shehzada,jd01Wqd3yNY,Shehzada | Official Trailer | Kartik Aaryan | Kriti Sanon | Netflix India,Netflix India,2023-04-13T05:30:15Z,1072409,9843,391,0,,
Kadvi Hawa,CEx3pWlMDEM,"Kadvi Hawa (2017) - Superhit Hindi Movie | Sanjay Mishra, Ranvir Shorey",Film City HD,2024-05-20T11:00:09Z,1480187,14420,709,0,,
Nikita Roy,MVqhVzaPCEs,"Nikita Roy - Official Trailer | Sonakshi Sinha, Paresh Rawal | 18th July",NVB Films,2025-06-11T11:55:21Z,12310764,57412,1790,50,0.4574,0.70495
Fan,d4_szl5EEww,Jabra Fan Song | Shah Rukh Khan | Nakash Aziz | Vishal and Shekhar | Varun Grover | SRK Fan Song,YRF,2016-02-16T12:28:28Z,272935583,1358540,50151,50,0.4522,0.6472
Matto Ki Saikil,wwH3mdjbKac,Matto ki Saikil Official Trailer | Prakash Jha | M. Gani | In Cinemas 16th September,Prakash Jha Productions,2022-08-22T05:57:43Z,2804732,44450,2449,50,0.4257,0.5834
Pushtaini,GMJLzvJJLOY,"DUKAAN | Official Trailer, Siddharth-Garima, Monika P, Sikandar K, A Jhunjhunwala, S K Ahluwalia",Music Garage,2024-02-28T10:36:22Z,14131966,90576,1684,50,0.5593,0.6745
Satellite Shankar,0HzTH8Tyliw,"Official Trailer: Satellite Shankar | Sooraj Pancholi, Megha Akash | Irfan Kamal | 8 Nov 2019",T-Series,2019-10-17T07:03:45Z,16702165,332152,10465,0,,
Saand Ki Aankh,OhhtB0woH68,"""Saand ki Aankh""- HD Full Movie || Trailer || Taapsee Pannu || Bhumi || Official Trailers",Official,2019-10-28T18:57:21Z,292268,864,2,0,,
One Day: Justice Delivered,sPWlNKYhOuM,One Day: Justice Delivered Full HD Movie | Esha Gupta Superhit Movie | Anupam Kher | ShemarooMe,ShemarooMe,2023-09-10T14:30:09Z,14605607,95669,2181,0,,
Jagga Jasoos,YheC-4Qgoro,Jagga Jasoos | Official Trailer | In Cinemas July 14,UTV Motion Pictures,2017-06-29T20:18:51Z,11285073,70647,2952,50,0.6291,0.7807
Luv You Shankar,AxIF8qBqNlY,Luv You Shankar Official Trailer - Shreyas Talpade | Tanisha Mukherjee,Tbytesmusic,2024-04-09T07:44:14Z,2080821,5355,13,11,0.4709,0.6249
Savi,wAU3yFUtBdk,"SAVI: Humdum (Full Video) Divya Khossla, Harshvardhan Rane, Vishal M, Raj S|Mukesh,Abhinay,Bhushan K",T-Series,2024-06-10T11:30:12Z,10876675,99706,885,0,,
Khel Toh Ab Shuru Hoga,xSSPl-TsD4g,"Khel To Ab Shuru Hoga  Official Trailer || Ruslaan Mumtaz , Devshi Khanduri , Rohit Pathak",GMD Films,2016-03-14T11:09:49Z,291505,1415,31,11,0.1496,0
Judaa Hoke Bhi,VRlT_o-Z80Y,Judaa Hoke Bhi - Official Trailer | Akshay Oberoi | Aindrita Ray | Meherzan | Releasing 15th July 22,K Sera Sera Official,2022-06-24T12:45:56Z,2585061,7516,28,14,0.5021,0.4939
Bhavesh Joshi Superhero,BD-p1rMjJT0,Bhavesh Joshi Superhero | Official Teaser | Harshvardhan Kapoor | Vikramaditya Motwane,FuhSePhantom,2018-04-18T10:30:06Z,5827223,23270,3477,0,,
Junglee,tcsJ-3GLDE4,"Junglee Official Trailer | Vidyut Jammwal, Pooja Sawant & Asha Bhat | Chuck Russell | 29th Mar 2019",Junglee Pictures,2019-03-06T06:26:16Z,45166840,568220,21137,50,0.5155,0.5949
Sooryavanshi,u5r77-OQwa8,"Sooryavanshi | Official Trailer | 5th Nov | Akshay, Ajay, Ranveer, Katrina | Rohit Shetty",RelianceEntertainment,2020-03-02T07:22:25Z,114006995,2273985,132413,50,0.2324,0.39135
Ghoomer,CU1tFtk_NFY,Full Video:Ghoomar|Padmaavat|Deepika Padukone Shahid Kapoor Ranveer Singh|Shreya Ghoshal SwaroopKhan,T-Series,2018-03-19T17:02:25Z,234040367,994193,22425,50,0.7012,0.79145
Batla House,dG3K6jB3iW8,"Official Trailer: Batla House | John Abraham,Mrunal Thakur, Nikkhil Advani |Releasing On 15 Aug,2019",T-Series,2019-07-10T09:00:02Z,36262454,572061,20651,50,0.5327,0.67565
Khandaani Shafakhana,#NAME?,Official Trailer: Khandaani Shafakhana | Sonakshi Sinha | Badshah | Varun Sharma,T-Series,2019-06-21T09:50:33Z,20250970,182751,5997,0,,
Middle Class Love,Bc8wfswPxJc,"Manjha - Full Video | Middle-Class Love | Prit K, Kavya T, Eisha S | Himesh R, Raj Barman, Shakeel A",Zee Music Company,2022-12-06T16:15:44Z,101788308,660499,17414,0,,
Aksar 2,o-owuA1rezY,"Aksar 2 Official Trailer | Latest Bollywood Movie | Zarine Khan, Gautam Rode | 6th October 2017",Tips Official,2017-08-28T11:57:52Z,23328688,61843,2638,50,0.3728,0.52955
Ajab Singh Ki Gajab Kahani,eNUCp7MOSHI,"Ajab Singh Ki Gajab Kahani (2017) Full Hindi Movie | Yashpal Sharma, Govind Namdev | New Hindi Movie",Rajshri,2017-08-11T10:53:08Z,4664306,50696,1850,0,,
Meri Pyaari Bindu,D9N7qAyLofE,"Maana Ke Hum Yaar Nahin | Duet | Full Song | Meri Pyaari Bindu | Ayushmann, Parineeti | Sonu Nigam",YRF,2017-06-30T09:33:59Z,110568907,623843,12799,37,0.7029,0.8196
Baaghi 2,58909OjAfeg,"Baaghi 4 Trailer | Tiger, Sanjay, Harnaaz, Sonam | Sajid Nadiadwala | A.Harsha | In Cinemas 5th Sept",NadiadwalaGrandson,2025-08-30T05:44:47Z,9625473,289816,23038,0,,
Swatantrya Veer Savarkar,LQpxMRwS_bU,Swatantrya Veer Savarkar | Trailer | 22nd March | Randeep Hooda | Ankita Lokhande | Amit Sial,Zee Studios,2024-03-04T14:55:47Z,15100798,207450,17060,50,0.3598,0.6309
Direct Ishq,m5n7SCl-WM8,Direct Ishq Full Hindi Movie | Latest Bollywood Movie | Ft. Rajneesh Duggal & Nidhi Subbaiah ᴴᴰ,Cinekorn Movies,2017-03-04T04:30:00Z,19750936,111583,2014,0,,
War 2,enjkcCdAlXc,"Aavan Jaavan Song | WAR 2 | Hrithik Roshan, Kiara Advani | Pritam, Arijit Singh, Nikhita | Amitabh B",YRF,2025-07-31T05:41:16Z,97845732,716004,23871,50,0.4856,0.69685
Maa,Mod_oXpftJA,"Thamma Official Trailer | Ayushmann, Rashmika, Paresh, Nawazuddin | In Cinemas This Diwali- 21st Oct",Maddock Films,2025-09-26T12:49:58Z,92668983,683992,43961,0,,
Harami,jHOnAk1dJBY,PISHACHINI | Official Trailer | Kajol | Ajay Devgan Films | New Movie Trailer |Teaser| Trailers 2025,Phantom Pictures™,2025-10-04T12:13:13Z,809734,6448,102,0,,
Baaghi 4,rbYNMvTkp8U,"Baaghi 4 Teaser | Tiger, Sanjay, Harnaaz, Sonam | Sajid Nadiadwala | A.Harsha | In Cinemas 5th Sept",NadiadwalaGrandson,2025-08-11T07:41:17Z,7854993,209162,27800,0,,
Inspector Zende,SqIE6lj2IGo,"Inspector Zende | Official Trailer | Manoj Bajpayee, Jim Sarbh | Netflix India",Netflix India,2025-08-25T05:30:00Z,11948904,86899,1993,0,,
Param Sundari,N4wK3NtVRT0,"Pardesiya - Param Sundari | Sidharth M, Janhvi K | Sachin-Jigar, Sonu Nigam, Krishnakali, Amitabh B",Universal Music India,2025-07-30T06:42:01Z,97364832,644617,27560,50,0.5825,0.7908
Son of Sardaar 2,HSX_KPfbP1o,Son Of Sardaar 2 - OFFICIAL TRAILER | Ajay Devgn & Mrunal Thakur | Vijay Kumar Arora | 1st August,JioStudios,2025-07-11T07:08:26Z,48031643,258636,14238,0,,
Jewel Thief - The Heist Begins,_dUNLPNfS8s,"Jewel Thief - The Heist Begins | Saif Ali Khan, Jaideep Ahlawat | Official Trailer | Netflix",Netflix India,2025-04-14T11:39:39Z,51694519,85940,3026,50,0.3589,0.49935
Dear Zindagi,5DkO7ksXY8E,"Dear Zindagi Take 1: Life Is A Game | Teaser | Alia Bhatt, Shah Rukh Khan",Red Chillies Entertainment,2016-10-19T07:16:45Z,18719574,114252,5563,50,0.6398,0.81635
Tehran,Hm_vHTy9IYA,Tehran — Official Trailer | Apple TV,Apple TV,2020-09-02T16:00:40Z,32816005,48757,417,50,0.1186,0
Friday Night Plan,Lz_jlyGDoqM,"Friday Night Plan | Official Trailer | Babil Khan, Juhi Chawla Mehta & Amrith Jayan | Netflix India",Netflix India,2023-08-21T05:30:00Z,39380216,7544,328,0,,
Jawan,k8YiqM0Y-78,Jawan |Official Hindi Prevue |Shah Rukh Khan |Atlee |Nayanthara |Vijay Sethupathi |Deepika |Anirudh,Red Chillies Entertainment,2023-07-10T04:58:09Z,87222831,2034202,162540,0,,
Tumbbad,c-nzj9Nbeik,"Introduction To The Demon God ""Hastar"" | Tumbbad | Prime Video",Prime Video India,2022-10-20T12:59:07Z,2907813,45989,1408,0,,
Despatch,BHPMcOqa3H4,Despatch | Official Trailer | Manoj Bajpayee | Kanu Behl | Watch Now On ZEE5,ZEE5,2024-12-03T06:30:03Z,18548533,24616,533,50,0.4427,0.49075
Carbon: A Story of Tomorrow,zMVpwc1nO2k,"Carbon | Nawazuddin Siddiqui, Jackky Bhagnani, Prachi I Royal Stag Barrel Select Shorts",Royal Stag Barrel Select Shorts,2017-08-21T09:25:24Z,11325038,149766,6243,0,,
Singham Again,MD7v0-igVIM,Singham Again | Official Trailer | A Rohit Shetty Cop Universe | In Cinemas 1st Nov,JioStudios,2024-10-07T07:43:56Z,64503444,1171401,95957,0,,
Dhadak 2,iUqPfGlg9GQ,"Bas Ek Dhadak | Dhadak 2 |Siddhant C,Triptii D|Shreya Ghoshal, Jubin Nautiyal Javed-Mohsin, Rashmi V",Zee Music Company,2025-07-15T07:30:01Z,40286819,206718,6180,0,,
Sunny Sanskari Ki Tulsi Kumari,nYLkyW2dDXU,"Bijuria | Sunny Sanskari Ki Tulsi Kumari | Varun, Janhvi,Sanya, Rohit | Sonu, Tanishk, Ravi, Asees",Sony Music India,2025-09-03T05:09:07Z,62896708,614918,52870,0,,
Deva,mNuhKUOD_A0,Deva Deva - Extended Film Version|Brahmāstra|Amitabh B|Ranbir |@aliabhatt|@pritam7415 |Arijit|Jonita,Sony Music India,2022-11-11T05:31:05Z,196971639,1136111,21869,50,0.592,0.78735
Rocky Aur Rani Kii Prem Kahaani,1Bll53fBa9U,Mrs. Chatterjee vs Norway | Official Trailer | Rani Mukerji | Netflix India,Netflix India,2023-05-12T08:36:20Z,1913865,21756,1719,50,0.3088,0.55105
Uri: The Surgical Strike,Cg8sbRFS3zU,"URI | Official Trailer | Vicky Kaushal, Yami Gautam, Paresh Rawal | Aditya Dhar | 11th Jan 2019",RSVP Movies,2018-12-05T04:30:30Z,30841102,599224,57209,50,0.4695,0.5391
Commando 2 - The Black Money Trail,gO4ZIgHOR50,Commando 2 | Official Trailer | Vidyut Jammwal | Adah Sharma | Esha Gupta | Freddy | 3rd March 2017,RelianceEntertainment,2017-01-23T15:25:27Z,32707685,129313,4846,50,0.4673,0.61215
Gang of Littles,_r8ghglQbJ8,"“Gang Of Littles"" Official Trailer Releasing 16th Dec 2016",PNA Entertainment,2016-11-24T06:19:49Z,254874,119,0,0,,
Teri Baaton Mein Aisa Uljha Jiya,sQAnGAFIuEY,"Teri Baaton Mein Aisa Uljha Jiya - 8K - Title Track | Shahid Kapoor,Kriti Sanon,Raghav,Tanishk,Asees",T-Series,2025-07-10T09:30:56Z,14222729,23814,436,0,,
Sardar Udham,bLWgKt1-SYo,Sardar Udham - Official Trailer | Shoojit Sircar | Vicky Kaushal | Oct 16,Prime Video India,2021-09-30T07:21:48Z,40689546,362409,13025,50,0.4157,0.58555
Khichdi 2: Mission Paanthukistan,6zdqKKh8K_4,"Khichdi 2 Official Teaser | Supriya, Rajeev, Anang, Vandana, JD, Kirti | In Cinemas 17th November",Zee Studios,2023-09-30T05:02:00Z,1349823,28144,929,50,0.7141,0.8246
Bade Miyan Chote Miyan,dbkBLTaHA1U,Bade Miyan Chote Miyan - Title Track | Bade To Bade Miyan Chote Miyan Subhanallah,Tips Official,2010-10-26T13:28:13Z,82045058,334338,8669,50,0.4479,0.5931
Stree 2,Mod_oXpftJA,"Thamma Official Trailer | Ayushmann, Rashmika, Paresh, Nawazuddin | In Cinemas This Diwali- 21st Oct",Maddock Films,2025-09-26T12:49:58Z,92670048,683996,43962,0,,
Dhoom Dhaam,wJWwPJj9gIw,"Dhoom Dhaam - Lyrical Song | Action Jackson | Ajay Devgn | Yami Gautam | Ankit Tiwari, Palak Muchhal",Sony Music India,2014-12-09T06:06:25Z,167978402,711913,12320,50,0.6486,0.7648
Madgaon Express,B7VP47oCZfE,Madgaon Express | Official Trailer | Divyenndu | Pratik Gandhi | Avinash Tiwary | Nora Fatehi,Excel Movies,2024-03-05T09:29:06Z,37323429,199227,5371,50,0.5915,0.7992
Samrat Prithviraj,P3Lq_iFeYF0,Khalifa Glimpse -The Bloodline | Prithviraj Sukumaran | Vysakh | Jinu V Abhraham,Sony Music Malayalam,2025-10-16T04:28:06Z,6205727,87003,4833,0,,
Karwaan,WKb16IKWCUw,Karwaan | Official Trailer | Irrfan Khan | Dulquer Salmaan,Wonderlik Studios,2023-09-23T00:30:27Z,110160,645,22,0,,
Murderbaad,P0sXly2DL-o,Murderbaad - Trailer | Nakul S | Kanikka K | Sharib H | Saloni B |Manish C |Arnab C | 18th July 2025,RelianceEntertainment,2025-07-07T05:30:05Z,3562106,19972,1927,14,0.314,0.39135
Shaitaan,upDhKSx7P7E,"Shaitaan Trailer | Ajay Devgn, R Madhavan, Jyotika | Jio Studios, Devgn Films, Panorama Studios",JioStudios,2024-02-22T07:04:22Z,42654493,372556,19769,50,0.5105,0.71365
Ginny Weds Sunny,WTJW2Ol1c0g,"Ginny Weds Sunny | Official Trailer | Vikrant Massey, Yami Gautam & Ayesha Raza | Netflix India",Netflix India,2020-09-25T05:30:03Z,8878356,210902,7627,0,,
Transistor,44MTFi4Mv9k,Transistor | Ahsaas Channa & Mohammad Samad | Watch for FREE on Amazon miniTV on Amazon Shopping App,Amazon MX Player,2021-08-02T12:07:27Z,2460874,589,39,0,,
Operation Romeo,1VfJeCEqIBA,"Operation Romeo | Official Trailer | Neeraj Pandey, Shashant Shah, Shital Bhatia, FFW, Reliance Ent",RelianceEntertainment,2022-04-01T14:34:19Z,11307328,23327,998,50,0.4816,0.6309
Shershaah,Q0FTXnefVBA,"Shershaah - Official Trailer | Vishnu Varadhan | Sidharth Malhotra, Kiara Advani | Aug 12",Prime Video India,2021-07-25T14:13:03Z,61350432,959794,41568,50,0.4177,0.6114
Aap Jaisa Koi,Ovu5FepCzcc,"Aap Jaisa Koi (Film Version) An Action Hero |Ayushmann Khurrana Malaika |Tanishk, Zahrah S K, Yash N",T-Series,2022-12-11T09:30:06Z,55460571,158664,3078,50,0.5415,0.6634
Thamma,Mod_oXpftJA,"Thamma Official Trailer | Ayushmann, Rashmika, Paresh, Nawazuddin | In Cinemas This Diwali- 21st Oct",Maddock Films,2025-09-26T12:49:58Z,92671665,683999,43962,50,0.5344,0.6369
Gehraiyaan,6eGCi4SVy94,"Doobey - Official Video | Gehraiyaan | Deepika Padukone, Siddhant, Ananya, Dhairya | OAFF, Savera",Sony Music India,2022-01-24T05:00:10Z,105364241,848715,91049,50,0.4662,0.5984
Stree,KVnheXywIbY,Stree 2 | Official Trailer | Shraddha K | Rajkummar R | Pankaj T | Dinesh V | Amar K | 15th Aug 2024,Maddock Films,2024-07-18T08:30:17Z,70397104,668788,22560,0,,
Raees,J7_1MU3gDk0,Shah Rukh Khan In & As Raees | Trailer | Releasing 25 Jan,Red Chillies Entertainment,2016-12-07T06:47:28Z,77269966,624844,53102,50,0.3573,0.47295
Dasvi,#NAME?,"Dasvi | Official Trailer | Abhishek Bachchan, Yami Gautam, Nimrat Kaur | Netflix India",Netflix India,2022-03-23T05:30:01Z,10956368,260603,7689,50,0.6164,0.7826
Dange,obBcRhl57Zg,"Danger - Param Sundari | Sidharth M, Janhvi K | Sachin-Jigar, Vishal Dadlani, Parvati M, Amitabh B",Universal Music India,2025-08-21T11:08:54Z,31552798,134358,4738,0,,
Ek Chatur Naar,lGfTQ-YFjIE,Ek Chatur Naar Badi Hoshiyaar - Kishore Kumar & Manna Dey's Superhit Song - R D Burman Songs,Bollywood Classics,2013-10-17T14:13:54Z,135531271,892348,23721,50,0.5665,0.66745
Satyaprem Ki Katha,My8lCL4lDlw,Kiara Advani and Kartik Aaryan's HEARTBREAKING ARGUMENT 💔 | Satyaprem Ki Katha | #primevideoindia,Prime Video India,2025-06-19T09:27:24Z,286641,7675,22,0,,
Demons,CozF0qGDlL4,"Demon - Official Trailer | Sachin, Aparnathi | Ramesh Pazhaniivel | R.Somasundaram | Ronnie Raphael",Tips Tamil,2023-08-16T11:33:12Z,819886,13791,83,0,,
Hasmukh Saab ki Wasihat,2eZEe4yllkY,Hasmukh's Will Brings His Unspoken Past | Hasmukh Saab ki Wasihat | Best Moments,Zee Theatre,2025-05-22T09:30:03Z,10569,108,4,0,,
14 Phere,N7leKlYUVqQ,14 Phere | Official Trailer | A ZEE5 Original Film | Watch Now on ZEE5,ZEE5,2021-07-12T10:37:00Z,23957141,140940,2734,50,0.549,0.62465
Crew,P-qozw4K87s,"Crew | Teaser | Tabu, Kareena Kapoor Khan, Kriti Sanon, Diljit Dosanjh, Kapil Sharma | March 29",balajimotionpictures,2024-02-24T10:30:04Z,20702603,195819,9508,50,0.7371,0.86835
Sui Dhaaga - Made in India,gXH0YXhq0tA,Sui Dhaaga - Made in India | Official Trailer | Varun Dhawan | Anushka Sharma | Releasing 28th Sept,Bekaar Studios,2018-06-01T09:08:26Z,36,0,0,0,,
Attack,r0-8FqkBaSU,"Agent Ching Attacks | Official Trailer | Atlee & Ranveer Singh | Sreeleela, Bobby Deol  🔥🔥🔥",Ching's Secret,2025-10-18T05:58:15Z,114286671,471602,12630,0,,
Trapped,hJiPAJKjUVg,Trap | Official Trailer,Warner Bros.,2024-04-18T16:06:41Z,28315996,129394,9277,0,,
Dear Maya,1QtvC6jlRO8,Dear Maya | Official Trailer | Manisha Koirala | Releases on 2nd June,Solo Turtle,2017-05-04T14:50:48Z,7815931,66564,1895,0,,
JugJugg Jeeyo,z6ZedPiTEv0,JUGJUGG JEEYO - OFFICAL TRAILER | Varun Dhawan Kiara Advani Anil Kapoor Neetu Kapoor | Raj Mehta,Viacom18 Studios,2022-05-22T09:30:17Z,10685449,186808,8584,50,0.325,0.4588
Toilet: A Love Story,ym4EJQ7XORk,Toilet Ek Prem Katha Official Trailer | Akshay Kumar | Bhumi Pednekar | 11 Aug 2017,Viacom18 Studios,2017-06-11T12:53:45Z,47950013,374921,16552,50,0.5267,0.65925
Chakki,BDSa0JhIUMI,CHUCKY Trailer (2021),ONE Media,2021-07-25T22:14:42Z,3915500,59983,3366,50,0.1781,0.27115
Chandu Champion,IHQQK_Wn5DM,Chandu Champion | Official Trailer | Kartik Aaryan | Sajid Nadiadwala | Kabir Khan | 14th June 2024,NadiadwalaGrandson,2024-05-18T14:20:29Z,47862564,459769,12548,50,0.4873,0.6652
Sikandar Ka Muqaddar,incbkkV-6vA,"Sikandar ka Muqaddar | Official Trailer | Tamannaah Bhatia, Jimmy Shergill, Avinash Tiwary",Netflix India,2024-11-11T08:51:12Z,47980066,49775,1351,50,0.5467,0.7648
Band of Maharajas,Otcr-vRuaQs,"Maharaja | Official Trailer | Vijay Sethupathi, Anurag Kashyap, Mamta Mohandas",Netflix India,2024-07-08T05:30:00Z,3749294,26954,1414,0,,
Tu Meri Main Tera Main Tera Tu Meri,Bdccb9b0YPU,Main Teri Tu Mera (Official Trailer) - Roshan Prince - Mankirt Aulakh - Latest Punjabi Movies,Lokdhun Punjabi,2016-07-03T11:54:23Z,2895285,10252,307,50,0.5529,0.6369
Gyanvapi Files: A Tailor's Murder Story,77FARbgHDg4,UDAIPUR FILES KANHAIYA LAL MURDER TRAILER | AMIT JANI | BHARAT S. SHRINATE,Jani Firefox Films,2025-06-23T11:52:36Z,5271564,57550,8809,50,0.4226,0.42425
Dil Dosti Aur Dogs,9438EH03JCc,Dil Dosti Dilemma Season 1 - Official Trailer | Prime Video India,Prime Video India,2024-04-16T06:30:02Z,11813186,15440,734,50,0.5742,0.76145
Girls Will Be Girls,7xlkDjqhhag,ITZY 'Girls Will Be Girls' TRAILER,JYP Entertainment,2025-05-11T15:00:00Z,1536287,190727,15212,0,,
1080 - The Legacy of Mahaveer,ZdPximvMkL0,1080 THE LEGACY OF MAHAVEER OFFICIAL TEASER I MAHAVEER TALKIES,thelegacyofjineshwar,2023-09-05T06:46:34Z,121363,499,224,49,0.0715,0
Josef - Born in Grace,9SBuEA30ErI,JOSEF - BORN IN GRACE | Victor Banerjee | Subrat Dutta | Director Susant Misra | December 9 Release!,UA Kathachitra,2022-12-01T14:31:45Z,14066,144,3,0,,
Koi Jaane Na,0pv3jn1P4Gc,"Koi Jaane Na: Tu Mane Ya Na Mane Rabb Manneya (Full Song) Lakhwinder W,Neeti M | Rochak K, Manoj M",T-Series,2021-04-11T10:30:01Z,89390427,693113,7856,0,,
Hindutva,wGzWA9VTA-8,"Hindutva Chapter One-Main Hindu Hoon | Official Trailer | Aashiesh, Sonarika | Karan Razdan| 7th Oct",Zee Music Company,2022-09-22T08:30:09Z,9818257,498154,58170,0,,
Nil Battey Sannata,m74Iu1MDLZs,"Nil Battey Sannata (HD) Comedy Movie | Swara Bhaskar, Ratna Pathak, Pankaj Tripathi, Riya Shukla",Mzaalo Showtime,2023-07-21T11:22:31Z,8054643,107240,3147,0,,
Vedaa,VTw0wVvEmPw,"Zaroorat Se Zyada - Vedaa | John Abraham & Tamannaah | Arijit Singh, Amaal Mallik, Kunaal Vermaa",Zee Music Company,2024-08-10T08:30:04Z,25735296,248343,9075,50,0.6276,0.83555
Mili,F9rnpoAwNsE,Mili Trailer | Janhvi K | Sunny K | Manoj P | M Xavier | Boney K | In Cinemas 4th Nov,Zee Studios,2022-10-15T10:50:35Z,22437073,175407,7084,0,,
The Miranda Brothers,PoJ70Xxw1cY,"Toaster | Official Teaser | Rajkummar Rao, Sanya Malhotra | Netflix India",Netflix India,2025-02-03T11:47:16Z,6243985,72022,1428,0,,
Yodha,3AuB8RTfBJc,YODHA - OFFICIAL TRAILER | Sidharth Malhotra | Raashii Khanna | Disha Patani | Sagar & Pushkar,Dharma Productions,2024-02-29T09:16:35Z,39109709,306762,16778,50,0.2581,0.3612
All India Rank,GonUEgdpUIc,All India Rank Movie REVIEW | Deeksha Sharma,Filmi Indian,2024-02-25T08:10:47Z,297650,10494,242,0,,
Woh Bhi Din The,rgCmOhQ3RMI,"Woh Bhi Din The | Official Trailer | Rohit Saraf, Sanjana Sanghi | Watch Now on ZEE5",ZEE5,2024-03-27T11:38:57Z,789752,14683,562,18,0.442,0.5783
Nadaaniyan,HeBJMzrM7hU,Nadaaniyan (Official Music Video) Akshath | Aisha Ahmed | Hit Song 2024,Universal Music India,2025-04-08T05:29:48Z,1169151,11048,186,11,0.5772,0.7225
Operation Mayfair,m5wVhQYriJE,"Operation Mayfair (Trailer) Jimmy Shergill, Hritiqa Chheber, Vedieka Dutt | Sudipto Sarkar",T-Series,2023-03-10T11:30:19Z,983047,11818,250,50,0.4125,0.57925
Yugantar,InabboeZjf0,TATVA MOKSH LAKSHYA 2025 OFFICIAL TRAILER || YUGANTAR || SIESGST,SIES GST Web - Official Channel,2025-01-21T15:32:56Z,706,75,20,15,0.4736,0.508
Kaamyaab,8KwQkxW1bVc,Har Kisse Ke Hisse Kaamyaab | Official Trailer | Sanjay Mishra | Deepak Dobriyal | Hardik Mehta,Red Chillies Entertainment,2020-02-18T04:59:03Z,8083169,154120,3705,50,0.4988,0.6429
Aasma,gWz_HMuqDIE,"The Ba***ds Of Bollywood | Preview | Bobby Deol, Lakshya, Raghav, Sahher | Netflix India",Netflix India,2025-08-20T12:50:47Z,42311154,193860,8183,50,0.293,0.432
Ek Kori Prem Katha,kApesOVPAJs,"Ek Kori Prem Katha - Official Trailer | Khanak Budhiraja, Akshay Oberoi, Raj Babbar, Poonam Dhillon",Zee Music Company,2024-03-21T09:30:30Z,4567202,8113,870,50,0.3293,0.3397
Raaz Reboot,V496LGfxr38,"RAAZ REBOOT: Official Trailer | Emraan Hashmi, Kriti Kharbanda, Gaurav Arora",T-Series,2016-08-16T03:32:22Z,15037863,61193,531,50,0.4922,0.6369
Maalik,sq2MVbuHs-M,"Raaj Karega Maalik | Maalik | Rajkummar Rao, Manushi Chhillar |Sachin–Jigar|Akasa, MC SQUARE|Amitabh",Tips Official,2025-07-04T08:43:37Z,25979599,102254,3028,50,0.3437,0.6369
Gumraah,E7APBBJG34E,"Gumraah (Official Trailer) Aditya Roy Kapur, Mrunal Thakur | Vardhan Ketkar | Murad K, Bhushan Kumar",T-Series,2023-03-23T07:17:59Z,15222658,115109,4547,50,0.4471,0.66905
Raksha Bandhan,ye3faphq3MU,Raksha Bandhan - Official Trailer - Akshay Kumar - Bhumi Pednekar - Zee Studios,Zee Studios,2022-06-21T12:09:04Z,64595274,530220,28307,50,0.6266,0.7263
U-Turn,GVEJMhdK_d0,"U Turn (Tamil) Official Trailer | Samantha Akkineni, Aadhi Pinisetti, Bhumika, Rahul | Pawan Kumar",Sony Music India,2018-08-17T09:15:01Z,4646619,64737,1661,50,0.6092,0.82945
Shaadisthan,FktUW-Op-h0,Yeh Sach Song Promo | Shaadisthan | Kirti Kulhari | Raj Singh Chaudhary | Streaming from 11 June,DisneyPlus Hotstar_IN,2021-06-08T12:30:24Z,5607,140,142,50,0.1518,0.2841
Mumbai Varanasi Express,FZ3AkRCrFnM,MUMBAI VARANASI EXPRESS  (Official Trailer) Full HD | Aarti Chabria debut directorial short film,AARTI CHABRIA OFFICIAL,2016-09-28T08:04:25Z,9782,117,6,1,0.5719,0.5719
Irani Chai,nFcNhJ-4QYY,ইরানের হাতে নতুন নতুন মিসাইল | Iran | Rtv News,Rtv News,2024-04-13T11:06:22Z,1729870,16988,543,50,0.2208,0
Brij Mohan Amar Rahe!,yG1XGjC2oHg,Brij Mohan Amar Rahe | Official Trailer | Netflix,Yoodlee Films,2018-07-25T13:58:27Z,696083,2996,89,0,,
Hurdang,o1oKxDxz1WQ,"Hurdang (Official Trailer) | Sunny Kaushal, Nushrratt B | Nikhil Nagesh Bhat, Hitesh T | Bhushan K",T-Series,2022-03-30T05:48:16Z,6025079,85318,6563,50,0.3479,0.4588
The Bhootnii,L8Wfzxch7Xo,"The Bhootnii (Official Trailer) | Sanjay D, Mouni R, Sunny S, Palak | Sidhaant S | Deepak M |1st May",Soham Rockstar Entertainment,2025-03-29T08:09:30Z,15086068,292435,57570,0,,
Accident or Conspiracy: Godhra,6o-63y4bn7w,Accident Or Conspiracy GODHRA | Official Teaser | M.K. Shivaaksh | B.J. Purohit | Godhra Movie,Artverse Studios,2024-02-02T04:00:09Z,1164612,26067,1407,50,0.2091,0.0129
Coolie No. 1,XaZ7jAPdecc,"Coolie No. 1 - Official Trailer | Varun Dhawan, Sara Ali Khan | David Dhawan | Amazon Prime Video",Prime Video India,2020-11-28T06:41:00Z,73091477,0,194806,50,0.478,0.67915
Taish,eB9_-krCvTQ,Taish | Official Teaser  | Premieres 29th Oct on ZEE5,Soham Rockstar Entertainment,2020-10-10T13:46:03Z,6019,57,6,5,0.6048,0.6597
Ok Jaanu,1tVL11ULjYY,"The Humma Song – OK Jaanu | Shraddha Kapoor | Aditya Roy Kapur | @ARRahman, Badshah, Tanishk",Sony Music India,2016-12-15T10:20:26Z,393933968,1778854,44055,50,0.4069,0.51305
Newton,N5PYg071IZQ,NEWTON (Trailer),Filmbüro Baden-Württemberg,2017-06-30T09:07:57Z,116484,274,6,1,0.4215,0.4215
Thai Massage,S4UfmiXlXho,"Mazaak Toh Nahi Udaoge? | Thai Massage | Gajraj Rao, Divyendu Sharma | Netflix India",Netflix India,2023-01-16T14:00:16Z,139238,2420,80,0,,
Mrs. Chatterjee Vs Norway,#NAME?,Real 'Mrs. Chatterjee' Sagarika's Emotional Response | MCVN | Rani Mukerji | In Cinemas 17th March,Zee Studios,2023-03-14T17:03:46Z,263912,3288,134,8,0.2086,0.148
Kaali Khuhi,kji5F02FemY,"Kaali Khuhi | Official Trailer | Shabana Azmi, Leela Samson, Sanjeeda Sheikh | Netflix India",Netflix India,2020-10-16T04:30:02Z,1552336,23689,855,50,0.2149,0.4012
Lovefucked,6gj62SUhhVU,"Jaoon Kahan Bata Ae Dil   Official Trailer   Aadish Keluskar   India Gold, Mumbai Film Festival 2018",Khushboo Upadhyay ,2018-10-05T15:53:05Z,129298,696,91,0,,
Qala,2g2sXGixh3w,"Qala | Official Trailer | Triptii Dimri, Babil Khan, Amit Sial, Varun Grover | Netflix India",Netflix India,2022-11-15T12:25:34Z,30679764,176699,3067,50,0.558,0.77005
Khuda Haafiz Chapter 2: Agni Pariksha,q67l_GOUzGc,Khuda Haafiz I Official Trailer I Disney+ Hotstar Multiplex I Streaming from 14th August 2020,DisneyPlus Hotstar_IN,2020-07-27T06:43:52Z,41320601,252848,5695,50,0.5523,0.7303
Sonata,afdy7scrYgk,The Sonata - Official Trailer,Screen Media Films,2019-12-16T17:05:59Z,372652,1173,128,0,,
Love in Vietnam,de2W1mVJMuM,Love in Vietnam Official Trailer| Shantanu M| Avneet K| Kha Ngan| Rahhat K| In Cinemas 12 Sept,Zee Studios,2025-08-25T08:00:31Z,16951835,57220,2792,50,0.6984,0.81185
Indoo Ki Jawani,7q0zZq6yVtQ,Kiara Advani Learns How To Chat On Dating Apps | Mallika Dua | Indoo Ki Jawani | Netflix India,Netflix India,2021-03-02T14:30:01Z,2419622,25572,437,0,,
Sarkar 3,li93_Fu-xBc,"Sarkar 3 - Best Dialogue Scenes | Amitabh Bachchan, Jackie, Amit Sadh, Yami Gautam & Manoj",Eros Now Music,2021-05-12T06:30:05Z,2613367,16884,226,0,,
7 Hours to Go,ZmkoRZNlzQo,7 HOURS TO GO : OFFICIAL TRAILER,Krian Pictures,2016-05-25T04:38:14Z,1845178,2884,85,30,0.3104,0.43095
Gulmohar,dF-DUTR7rxY,Gulmohar Trailer | Manoj Bajpayee | Sharmila Tagore | 3rd March | DisneyPlus Hotstar,JioHotstar,2023-02-11T05:32:12Z,31107067,35404,1064,50,0.6567,0.775
Junction Varanasi,eRQYUrSdJt4,"""Junction Varanasi- Ek Amar Prem Katha"" || New Official Trailer HD || Official Trailers",Official,2019-10-15T09:10:05Z,3703,21,0,0,,
Baaghi 3,lgQ7U9xpbFY,Making Of Baaghi 3 Trailer | Tiger Shroff |Shraddha|Riteish| Sajid Nadiadwala | Ahmed Khan | 6 March,Star Studios,2020-02-14T07:34:40Z,9127281,101202,3183,0,,
Ajab Singh ki Gazab Kahani,uDryVgPSH9Y,Ajab singh Ki gazab kahani Movie Trailer,Rpmotion Films,2017-02-08T06:07:24Z,1019,14,1,1,0.4215,0.4215
"Monica, O My Darling",2qCpY38ompo,Monica - Lyric Video| COOLIE | Superstar Rajinikanth | Sun Pictures | Lokesh | Anirudh | Pooja Hegde,Sun TV,2025-07-11T12:29:04Z,201670399,1139920,28138,0,,
Ek Villain Returns,ruO0VrqOkdE,Ek Villain - New Official Trailer,balajimotionpictures,2014-05-27T06:24:09Z,10403195,96709,3820,50,0.4086,0.6413
Sab Kushal Mangal,oRgokaRy1hQ,Sab Kushal Mangal Movie Trailer | Akshaye Khanna | Priyaank Sharma,Trailers & MovieClips,2019-12-17T11:08:21Z,40,4,0,0,,
Zara Hatke Zara Bachke,X7WXHhokylc,"Tere Vaaste | Zara Hatke Zara Bachke | Vicky Kaushal, Sara Ali Khan, Varun J, Sachin-Jigar,Amitabh B",Saregama Music,2023-05-22T07:00:08Z,418895693,2697333,29256,0,,
